"FIPS","AllRace_Total","AllRace_50-","AllRace_50-65","AllRace_65+","AllRace_Male","AllRace_Male_50-","AllRace_Male_50-65","AllRace_Male_65+","AllRace_Female","AllRace_Female_50-","AllRace_Female_50-65","AllRace_Female_65+","W_Total","W_50-","W_50-65","W_65+","W_Male","W_Male_50-","W_Male_50-65","W_Male_65+","W_Female","W_Female_50-","W_Female_50-65","W_Female_65+","B_Total","B_50-","B_50-65","B_65+","B_Male","B_Male_50-","B_Male_50-65","B_Male_65+","B_Female","B_Female_50-","B_Female_50-65","B_Female_65+","I_Total","I_50-","I_50-65","I_65+","I_Male","I_Male_50-","I_Male_50-65","I_Male_65+","I_Female","I_Female_50-","I_Female_50-65","I_Female_65+","A_Total","A_50-","A_50-65","A_65+","A_Male","A_Male_50-","A_Male_50-65","A_Male_65+","A_Female","A_Female_50-","A_Female_50-65","A_Female_65+","H_Total","H_50-","H_50-65","H_65+","H_Male","H_Male_50-","H_Male_50-65","H_Male_65+","H_Female","H_Female_50-","H_Female_50-65","H_Female_65+","O_Total","O_50-","O_50-65","O_65+","O_Male","O_Male_50-","O_Male_50-65","O_Male_65+","O_Female","O_Female_50-","O_Female_50-65","O_Female_65+"
"01",0.005403362353085885,0.0010149687840141294,0.009220845350239782,0.0194463415510858,0.0058652307276446285,0.0007489526215267081,0.009946033481779517,0.021312923318664277,0.004971827976445994,0.001257522283988243,0.00789543588739309,0.013825591984508553,0.006339254153829078,0.001170570018598452,0.009242146954794467,0.019702731306359692,0.006795206145543939,0.0008689440696200602,0.009811611057520382,0.021617416793811576,0.005903008516695574,0.0014884720482124024,0.008416860543087212,0.014424053083114275,0.004709046010624465,0.000968367464777889,0.01068985822349051,0.020180806675938804,0.0052296829243410215,0.0006784586958195396,0.011831317660914073,0.021390820584144644,0.004259474433011796,0.001150173515660393,0.007905286707406796,0.013332030104584107,0.0019464509710627623,0.0003401823377330249,0.003270645952575634,0.0076677316293929714,0.0022007042253521128,0.00027214587018641994,0.004088307440719542,0.008306709265175719,0.001700824900076537,0.00040689000406890003,0.0022197558268590455,0.006535947712418301,0.002450011854896072,0.0008161145528063212,0.005262249827467219,0.014578833693304536,0.002110832793898286,0.00044515339243981155,0.004313319530710835,0.013678905687544997,0.0027484091415554512,0.0011059653003387018,0.0051260145237078175,0.009706546275395033,0.0010111836150382318,0.0004123321679222754,0.0030530940501898875,0.00822550831792976,0.0010055452865064694,0.0003693809004303717,0.0031275597587311042,0.009426987060998152,0.0010171044356623213,0.00048191894668885314,0.0031925931838135526,0.006040375139087586,0.0023799489302625382,0.00042883397998774763,0.005814358331592507,0.014996386412912552,0.0034748954410204124,0.0004084133142740453,0.008216698001531927,0.022404239942182606,0.0013735352903843057,0.00041482480133780996,0.002893183659298692,0.005653266331658292
"02",0.004259665035431305,0.000856383201919519,0.007602388126325187,0.01665615804960067,0.004325973934040696,0.0006446715417567872,0.007769780158464457,0.019398907103825136,0.004187809326825277,0.0011833223142584022,0.007951929688200651,0.01388509610335049,0.0053205866871523485,0.0010173195965231395,0.00795045697034862,0.016682061186217706,0.0055067658392329065,0.0007764700807385093,0.008395020884165254,0.02001287541635178,0.005116377443624168,0.001438543148120903,0.0084630850516669,0.01428656823480184,0.004003666007428489,0.0006883891693437356,0.008283479061205707,0.017676767676767676,0.004209108510817409,0.0006883891693437356,0.009664058904739991,0.023232323232323233,0.0036150022593764122,0.0011359948068808828,0.00787878787878788,0.011538461538461539,0.004979878351311123,0.0011368859001959315,0.011280315848843767,0.02460159362549801,0.004671712599138087,0.0008708062214266708,0.010603496897913142,0.025697211155378485,0.005278668954711632,0.0015014626317015713,0.011767293522489827,0.020033955857385398,0.0035213698819305393,0.0012629806342969408,0.006535947712418301,0.01556420233463035,0.0029577048210588583,0.0007016559079427449,0.0047762694821518355,0.015077821011673152,0.004015023960626861,0.001650709805216243,0.006928877114326473,0.010607521697203472,0.001746146435452794,0.0004920337394564198,0.004114599207558671,0.014481707317073171,0.001619558092006324,0.00037488284910965324,0.004266991770801585,0.01600609756097561,0.001841697710434892,0.0006723558313938454,0.004469987228607918,0.011938202247191011,0.00016893604081494746,0.00004009730278809912,0.0005965400676078744,0.0018181818181818182,0.0002449179524859172,0.00002673153519206608,0.0005965400676078744,0.0016161616161616162,0.00013674278681799536,0.00005578800557880056,0.0003741114852225963,0.0011185682326621924
"04",0.004721805293489396,0.000853952103455696,0.007264475239016006,0.016722689483624452,0.00485844884140441,0.0006464231543700479,0.007140464951691279,0.018108020190871384,0.004588065992669387,0.0010950327833053296,0.006913341551887755,0.013140728355162914,0.006814274788178948,0.0011176054852637019,0.008201919418255613,0.01761693851970533,0.007161712906057481,0.0008656944098733147,0.008159641483109966,0.019259134651876987,0.006473459439146782,0.0014454190765776696,0.007841950176656719,0.014006403338369666,0.0032065733176525487,0.0007015242586258427,0.007071774869682499,0.015293259023354565,0.0033260307933994857,0.0005645402317935775,0.008128895855356687,0.01665339702760085,0.0030868200565484683,0.0009164904766657895,0.006265426238845643,0.011887241027963319,0.0027431515932254767,0.0007938000041778948,0.006359460959975773,0.013218770654329148,0.002498844578133935,0.0005744605293392659,0.005602382274264372,0.01255783212161269,0.0029793573100659713,0.0010161021078934544,0.005976695188545384,0.01014064103337961,0.0023388804719555374,0.0007805363151747823,0.004860500878734622,0.01213156002875629,0.0018909467685532962,0.00042784953572543624,0.0035149384885764497,0.010603882099209202,0.002721354362436289,0.0010895763859081454,0.004531907075490956,0.008603124292506226,0.0022460911217820206,0.0006614231186765519,0.005627522503155296,0.013797953964194374,0.002077411896381603,0.0004872425773627793,0.005138624984396887,0.014015345268542199,0.002411817635116499,0.0008462200218938919,0.005660086762327695,0.01097436215395108,0.0016433591027387186,0.0002932403900935018,0.0037873441543166313,0.010113326638932722,0.002031665512801434,0.0002597272026542444,0.004704775346977182,0.013197532635202984,0.0012577344347463359,0.0003140037171250838,0.0026946233842785566,0.0059505920538558636
"05",0.005831930942605803,0.0010014035255646616,0.009787391610704476,0.021487627696757355,0.006304783345456614,0.0007657485660421724,0.01037876935908313,0.023968834191320627,0.005377107619024043,0.0012514261416500722,0.008723646607053945,0.015451653158897986,0.007061617116134816,0.0011945709999983535,0.0102793215791491,0.02224427896290773,0.007645912536753508,0.0009204206602330525,0.010837485626676888,0.024869255030784267,0.00649558016474408,0.0015063038478295378,0.009415959773236945,0.016126627571811946,0.004941273750566813,0.0009202192807225522,0.011888297872340426,0.02236196972926881,0.005502114758393532,0.0006811587558373341,0.013164893617021277,0.02460029844382861,0.004433660246963769,0.001100458835378819,0.009057806099226217,0.015048141299496269,0.006472334420166432,0.0016112494507104144,0.010757717492984098,0.026837324525185797,0.006289308176100629,0.0010253405595429912,0.010757717492984098,0.028901734104046242,0.006555480574568591,0.0022000586682311527,0.010327795240233499,0.022590361445783132,0.0026166764303846906,0.0009987384356602187,0.006085192697768763,0.01517706576728499,0.002143976251339985,0.0006307821698906644,0.005215879455230368,0.012366498032602586,0.003079091853390711,0.001303911735205617,0.005479452054794521,0.012139605462822459,0.001164117159242662,0.00042237239907522676,0.003439888811674774,0.01037344398340249,0.0011143877311217412,0.00034678996976702825,0.0034746351633078527,0.011460185734044654,0.0012166229109303963,0.0005198438578085273,0.0037064492216456633,0.008325952170062002,0.0011918529182695712,0.00030241293690711147,0.003076274757690687,0.006250868176135575,0.0013798661651931812,0.00023874705545298274,0.0032869785082174463,0.007917766356438394,0.001027491095077176,0.000371879696918047,0.0025343953656770456,0.0034613304488912925
"06",0.0044021199435290755,0.0008977506231496559,0.007257648607343085,0.018161941584578376,0.004408613574820158,0.0006620764610760252,0.007074729326651644,0.01925181751038895,0.004395819346627833,0.0011639364630360457,0.00711581009464476,0.013868691846070622,0.0072670070196062045,0.0012264357161340526,0.008798254514501593,0.02074155568753885,0.007486932050159122,0.0009613247197369718,0.008972277470148494,0.022234277966048065,0.007046877051691688,0.0015957031669745151,0.008741630129519827,0.016419566279639253,0.005037545663964184,0.0009221280714370473,0.0091068503264807,0.02043523020160957,0.005118879812590481,0.000711968650504883,0.009685978634549272,0.020837247048745483,0.004957791021398405,0.0011808804716365035,0.008223054811465999,0.015262322965644025,0.006080020501649742,0.0013901300764571542,0.010249743000544233,0.02147295321637427,0.005742843928259417,0.001012809055704498,0.00979621454919272,0.02147295321637427,0.0064026377333895644,0.0018502733830897487,0.010283523123402277,0.01816635745207174,0.0035177657036242252,0.0009614438650937743,0.006146447262954406,0.0135094114280738,0.003177996390293115,0.0005487200827867614,0.004809279079636003,0.013458404349286524,0.003823733787514964,0.0013239677687570967,0.006229379998461106,0.01017660110114223,0.002404289903266132,0.0007296898582611948,0.005528054757404404,0.014417751907688927,0.0022244213168073398,0.0005441894923007846,0.005055298073308394,0.014717615213245133,0.002582348178675256,0.0009359138208795832,0.005725176482389377,0.010893839609439382,0.002147432579261018,0.0003880422776314894,0.005148770459110785,0.014317766960754487,0.0028189059382572944,0.0003271857315611209,0.0065991283349166405,0.020345299665348343,0.0014956275936848637,0.00045310914778491716,0.0033359061236770842,0.006621781218771135
"08",0.004295501994037114,0.0008703055290295525,0.007334119280646656,0.0171358033320519,0.004255537803073436,0.0006487502463128856,0.007177378564408895,0.018280353674792933,0.004336172734304512,0.0011551918147630414,0.007277965981348227,0.01368508078384793,0.005323263477743153,0.0010297910498868077,0.007849829351535836,0.017687371256536206,0.005308845304970081,0.0007678935730020146,0.007679180887372013,0.018883390417220237,0.005337814012629959,0.001380909895402649,0.007847882099379106,0.014260986861344638,0.0037549139216483665,0.0008209129017233349,0.0075234512642255134,0.017297197299047266,0.0037980491452265235,0.0007452258965999068,0.008571020427598686,0.018777171399500508,0.003705919820880542,0.0010487034212246678,0.007522956079212302,0.014113568834598878,0.004353233830845771,0.0011993382961124897,0.00903713440683536,0.017989720159908625,0.0040274816394219376,0.0008271298593879239,0.008544199802826159,0.018275271273557967,0.004678986022269604,0.001747182667947934,0.00815613166326828,0.015469061876247504,0.0024536420448724515,0.0008752703040644905,0.005547204924486436,0.013029108936062031,0.0020708774508166605,0.00045602318363023874,0.004294610264118532,0.012075759501716028,0.0027798070263654736,0.0011577308475388239,0.005291588578987983,0.009080402839689616,0.0023167826245260766,0.0006529435004388636,0.005985786055630438,0.015275289621402125,0.0020994756018339815,0.0004768141806483505,0.0053914961401789,0.015597754687686611,0.002537981881141309,0.0008677178409713551,0.006341146602113715,0.012405866032500991,0.0013294896162852456,0.00023000426553365172,0.0037033227034255736,0.009824249605055293,0.0018305807567741547,0.0002341861612706272,0.005194938792305318,0.014119273301737756,0.0008387139719097384,0.00023966857260245832,0.0019942491420090903,0.0046452702702702705
"09",0.005898316779184591,0.001062901395384652,0.008795791072880558,0.021699479829813503,0.006068509754819405,0.000763602296123687,0.008896092780416828,0.022658795716575645,0.005738403989890582,0.0013610750844489385,0.008082696021533973,0.016335788444218517,0.007576236205879876,0.0012625061539873665,0.00929317175313542,0.022516508726493814,0.007852983358918366,0.0009395782745471083,0.009411730372164626,0.023549492380425276,0.0073126424040889215,0.0016204746114272459,0.008750930765001844,0.017204512082067382,0.004732127767449721,0.0010248103274434288,0.010054704929555942,0.022787975223049383,0.004944079945831095,0.0007355493479231062,0.010574248953271598,0.02341308177530261,0.004540636321926369,0.0012716032597829478,0.008057435049842467,0.015081206496519721,0.004059962523422861,0.0011921793037672865,0.00834597875569044,0.011083743842364532,0.003795066413662239,0.0004768717215069146,0.007587253414264037,0.014778325123152709,0.00431832202344232,0.001953125,0.008670520231213872,0.00796812749003984,0.0020767457277116493,0.0007408613530896361,0.00446931570645234,0.010620915032679739,0.001829118585808986,0.0004233493446226492,0.0036806129347254565,0.010992275698158051,0.002303396667378285,0.0009882624825153562,0.004699879145964818,0.008400336013440538,0.0027483061738219424,0.0008652434573652311,0.007404275878729315,0.018466063841377056,0.0025624557416464933,0.0005658938251962175,0.007198937069694407,0.018629480335548534,0.002924818098211325,0.001148412037299129,0.006670760890281866,0.013355061806908064,0.001207590916501126,0.00031593081115235765,0.003474009264024704,0.007716920760399021,0.0014450146992874583,0.0002527446489218861,0.004117344312918168,0.009787314135140222,0.001007698346671666,0.0003670903501124214,0.0025346652750857313,0.004274809160305344
"10",0.006023548711649501,0.001037877421572197,0.009322025046740685,0.020474348230378032,0.00641468034628366,0.0007486328942487979,0.00940036139167128,0.02224798815277411,0.0056582928868010186,0.0013079216454325029,0.008226589079551582,0.015158000521085346,0.007869262965830877,0.001333677216177878,0.009902145335179451,0.021025052979940197,0.008395422623079392,0.0009502025967679538,0.009909923925387762,0.022904752228060498,0.007376203059387121,0.0017353132823485031,0.008980767601457256,0.015943815878541726,0.004681630353117957,0.0009178589119729596,0.009870642630786014,0.020999059105294673,0.004991062282833558,0.0006993210757889216,0.010078445633539405,0.02181164998716962,0.0044010513132596,0.0010577705451586656,0.008043938935259266,0.014286579090743991,0.0035700119000396666,0.0007396449704142012,0.006172839506172839,0.007905138339920948,0.004788507581803671,0,0.009259259259259259,0.011857707509881422,0.002365930599369085,0.0014684287812041115,0.003003003003003003,0.003937007874015748,0.0021934996933817633,0.0008112668743509865,0.004354838709677419,0.01031706089582285,0.0018541107587216395,0.0005841121495327102,0.002903225806451613,0.010568696527428284,0.002511071542711044,0.0010216461273226487,0.004885993485342019,0.008209538702111024,0.0018601975261290631,0.0006426735218508997,0.005398457583547558,0.014568764568764568,0.001654577986417069,0.0004590525156077855,0.004970008568980291,0.014763014763014764,0.002045380689312408,0.0008344343230651555,0.005621693121693121,0.01185137732222934,0.0022325154398264062,0.0002466834776888499,0.006431956668923494,0.017251461988304094,0.0033179079717104687,0.0001644556517925666,0.009478672985781991,0.025146198830409357,0.0012788745903604829,0.0003131033762980744,0.002799552071668533,0.006558810668998688
"11",0.004092553785467228,0.0009523970418674584,0.009253665216690833,0.019972489683631363,0.004160767340919583,0.0007264403157481279,0.009203318833574996,0.0196423658872077,0.004029795401997993,0.0010613860185136046,0.008774935282472971,0.014635307182802523,0.003273853864637412,0.0009393864728347911,0.006268393172454385,0.01656604858415984,0.00336689840072326,0.0007186563180156873,0.006827545615067687,0.017680034497628287,0.0031844031679191987,0.0010885166311855197,0.006729101630246271,0.014110389184222616,0.006065956194649479,0.0011496868300978431,0.01243434664968964,0.0239511332583186,0.006237430869783811,0.0008622651225733824,0.01209613242081808,0.02239725660397578,0.005924920850293985,0.0012419248791993237,0.010834090373809764,0.016284639069449196,0.009397024275646046,0,0.018518518518518517,0.052941176470588235,0.0068143100511073255,0,0.012345679012345678,0.03529411764705882,0.011594202898550725,0,0.014285714285714285,0.0625,0.0017172812725958061,0.0006874033339061695,0.007120253164556962,0.014915693904020753,0.001462736780516346,0.00017185083347654237,0.006329113924050633,0.01297016861219196,0.0018955889133664635,0.000854805226523385,0.005583472920156337,0.008888888888888889,0.0018415494771544842,0.0007367072389493914,0.004984141368373357,0.013292433537832311,0.0016493748337323756,0.00016015374759769378,0.001359311282283643,0.005623721881390593,0.001996904797563776,0.000183044022087312,0.0013764624913971094,0.003761969904240766,0.0012504838181439247,0.00031778819416858665,0.003943661971830986,0.01040582726326743,0.0014357501794687725,0.00015889409708429332,0.003943661971830986,0.013527575442247659,0.0010950503723171265,0.00041194644696189496,0.0033175355450236967,0.004405286343612335
"12",0.0063121376000681954,0.0010910358743724457,0.008953629965924113,0.020451052654776602,0.0066746404944690646,0.0008051010080615031,0.008974248981965707,0.02220632488907251,0.005969593694320357,0.0013802677483597569,0.008211436315071657,0.015419097870926173,0.008824104637420484,0.0013797586798349943,0.010195708878907703,0.021485077191933533,0.009471266849409427,0.0010636414620830415,0.010388537431733447,0.023608629061251794,0.008200580808143341,0.0017482343216735816,0.009564564668815955,0.016812728820701773,0.004346905647875379,0.00097624410048831,0.009509336473985145,0.0196013469149263,0.004492111520066528,0.0006849681898517593,0.009779077940087002,0.02051695992385955,0.004214147758402738,0.0012220423858612412,0.007991531803403715,0.013808760683760683,0.005240816713699637,0.0013516834603096585,0.007129277566539924,0.015866329682673406,0.005516454251474225,0.0009011223068731056,0.007984790874524715,0.017972479640550407,0.00496665247623102,0.0017584994138335288,0.006517690875232775,0.012797074954296161,0.002815957409636832,0.0009035963133270416,0.0054577263910546535,0.01131331677286964,0.0025240109962399505,0.0005471777675147085,0.004069524207964097,0.01096230694459445,0.003063380281690141,0.0011407068746903959,0.0052085593992794825,0.008384323445124313,0.00367107581916858,0.0009092433614659088,0.006692580594118774,0.018277986749089883,0.003589270761790966,0.0006395674710948237,0.006268894126268978,0.01894859978015994,0.003748475488167607,0.001184180841259066,0.006371908421992592,0.01245911777648276,0.0015909141596670338,0.00032832067654671427,0.0030555515234210566,0.010224558050645007,0.0017363963779926193,0.00025028930499076875,0.003135387786503317,0.011490683229813664,0.0014555033293366364,0.00039302729984589936,0.002427474708822615,0.006932601764662268
"13",0.005074166058931798,0.0010126251885077917,0.009083559549312357,0.021250746690753154,0.005434059866205911,0.0007560214449648233,0.009595100652483198,0.02329963725979644,0.004736085316524174,0.0012479368785475624,0.007912241757806346,0.015016400915788321,0.0067545591735861474,0.0012419997455538046,0.009648104196714516,0.0221045353178377,0.007237953892816279,0.0009541732325121775,0.010155806693591882,0.02450591572224137,0.006286246151643159,0.0015629564521338955,0.00892181832214247,0.016181952748493333,0.00448031325281358,0.0010066189643911391,0.010260044703701685,0.022358029457374487,0.00491070842791723,0.0007224668960559875,0.011150484290101582,0.023719009886737637,0.0041062797800785564,0.0011833953067579906,0.007727502898937207,0.01424392668971854,0.0031411042944785275,0.0009989242354387583,0.0047805302042590175,0.011222910216718266,0.0030693069306930694,0.0006147226064238512,0.0047805302042590175,0.01238390092879257,0.003211678832116788,0.001413760603204524,0.004484304932735426,0.008928571428571428,0.0024470232088799194,0.0008091662351113413,0.004991222784080488,0.012393871376988387,0.0023404450782846067,0.0005414057718563156,0.004375507637487883,0.013516151068605445,0.0025456208441424415,0.0010245155944709748,0.005020174533170686,0.008977633310115316,0.0018131535074328612,0.0006643785948547225,0.005169980363279332,0.015828636843959142,0.00162215338245144,0.0004944212798918866,0.004832474226804124,0.01651109545614653,0.0020121967844840905,0.0008814599588652019,0.005693622825242256,0.012415390740941832,0.0004047589030370189,0.00011387592779682199,0.0011976891644356771,0.002653740004245984,0.0005426697480328222,0.0000934366587050847,0.0016204029871776807,0.0037506192060009907,0.00028108389305387164,0.0001306627322666173,0.0006274778243632527,0.0011211333639096978
"15",0.005213461960006075,0.0010047751473195403,0.007660029154106342,0.017299642870857494,0.005343177933733053,0.0006968778557199866,0.007493737528128052,0.019292653891939633,0.005083671626156302,0.001388763095130272,0.007656554757853675,0.013090655912142191,0.007220905635169309,0.0011468265670565878,0.008711086837793555,0.017476157703274015,0.008101337786700304,0.0010703714625861485,0.010049153468050246,0.022146298299085636,0.0061991422916208485,0.0014783526927138332,0.008531883966378058,0.013649010446742611,0.0038853590528865932,0.0008163265306122449,0.007377740303541315,0.013934426229508197,0.004181600955794504,0.0008163265306122449,0.00927487352445194,0.021311475409836064,0.003417796110783736,0.0012189547463050433,0.010851419031719533,0.012430939226519336,0.015941404566996983,0.00370919881305638,0.022569444444444444,0.049479166666666664,0.016464471403812825,0.002967359050445104,0.020833333333333332,0.057291666666666664,0.015424164524421594,0.004524886877828055,0.02491103202846975,0.03587443946188341,0.008800544813548097,0.002286293940930904,0.011307073595012143,0.022786906753255273,0.008916074014741458,0.00137333697475713,0.01000671707342278,0.023746269146249468,0.00870011675176886,0.0030335395250174297,0.010857811551052452,0.016238159675236806,0.0029728698631616077,0.0006404295264330707,0.007547822078820004,0.020232333010648595,0.002625783499915297,0.0004386503605705964,0.007144503341783821,0.019167473378509197,0.0033339697739656615,0.0009172937960986933,0.007718501702610669,0.018603857313534734,0.00023306523361428153,0.00007981459365503541,0.0004957647525425649,0.0009560229445506692,0.0002473421758161188,0.000053209729103356945,0.0005665882886200743,0.001229172357279432,0.00021836047675370757,0.00010667068250412565,0.00045534748705105583,0.0005925808872911153
"16",0.004960018617741446,0.0008616415083603612,0.008041357363372996,0.018876756136226972,0.0052850534597626625,0.0006616756488729567,0.008323454645730189,0.021442628327775652,0.004635236055701101,0.0010996851055073648,0.007484389701479771,0.014613778705636743,0.005786188843610201,0.0009800936947670662,0.008580811072207768,0.01951287122778627,0.006217481933639646,0.0007643635742429187,0.00892194423409982,0.02216877940603554,0.00535705198472243,0.0012401311904350907,0.007955927491747264,0.015127768771818897,0.0023672641190395673,0.0005068056762235737,0.006256015399422521,0.016786570743405275,0.00298971537909591,0.0005792064871126556,0.009624639076034648,0.026378896882494004,0.0015569048731122529,0.0005474452554744526,0.004901960784313725,0.00906344410876133,0.005448870549648204,0.0011443393347574,0.010006064281382655,0.024509803921568627,0.0050402144772117964,0.00091547146780592,0.009096422073984234,0.022281639928698752,0.0059511380246398,0.0013914656771799629,0.010067114093959731,0.0226928895612708,0.0033799354739591334,0.001108259449370042,0.007945850500294291,0.01914514692787177,0.00315955766192733,0.0006999533364442371,0.005885815185403178,0.017809439002671415,0.0035514274006283294,0.0012984418697562924,0.005807622504537205,0.012266666666666667,0.0017710426178014845,0.0005570322883277305,0.00533235938641344,0.012942671113228521,0.0016024199811960921,0.0003713548588851536,0.004894083272461651,0.014451326028267429,0.001938646534349059,0.0007735308071536129,0.005932517612161661,0.010828696044517973,0.0008831552117336672,0.00014638716477339268,0.002304879987283421,0.005244308007162957,0.001262512399675354,0.00011710973181871414,0.0033381020505484026,0.008186236889229983,0.0005100230619123647,0.0001780256950419844,0.001304726007538417,0.002224694104560623
"17",0.005475899019926465,0.0010200667117343212,0.008965674042850402,0.02152623249283054,0.0055742917940580575,0.0007599122244562626,0.0090944853232836,0.02245872218622317,0.00538121701638349,0.00129929340032567,0.008411002500568312,0.016276810952326394,0.007064466620124235,0.001248603489993391,0.009681756344816503,0.022643951293899126,0.007252834850582412,0.0009426298217408955,0.009846747948031939,0.02380413222192921,0.006881879342845615,0.001608034247403187,0.00926546304026141,0.01734831221406822,0.00520665550807271,0.0009490405010380671,0.011064833561507363,0.024159750184896047,0.005361949642416414,0.000693197160138916,0.011537250213712295,0.023235269948229106,0.0050699111838830415,0.0011403254753946557,0.008860548515266704,0.01661495754408883,0.007125173600627982,0.0013829983404019916,0.011327713382507903,0.027522935779816515,0.007965759124955415,0.0011063986723215931,0.011591148577449948,0.03577981651376147,0.006257668711656441,0.0018419975440032747,0.010813594232749742,0.01588502269288956,0.0028035006958569745,0.0008107229583739651,0.005477403536837713,0.012568820631700957,0.0025886753085323628,0.00048566894204478097,0.004625362986662957,0.01303969863807592,0.0030036395218991686,0.0011072586958953137,0.005466286229163538,0.00962646991007609,0.002245220136818102,0.0007248749749631998,0.005464597715193353,0.01449807940315893,0.002104434914287943,0.00005298793676631578,0.0007208748243631254,0.0020939359061472964,0.0023877457262373963,0.0001182392856595453,0.0008549426371208549,0.0017423028800617408,0.0014322933544180742,0.000294316662724107,0.004264022741454621,0.010541349292709466,0.001673123948750039,0.00018704236509569419,0.005373361991263953,0.012785636561479869,0.001203870907996481,0.00039608043145638233,0.0027079303675048355,0.006206756206756207
"18",0.005135930468491177,0.0009014770354503918,0.0088401658539489,0.019588387798866947,0.005318926288471773,0.0006689693837731415,0.00910724271726037,0.02100470505393208,0.0049568887850391236,0.001159154563365803,0.008237626624153768,0.014673856851138626,0.006013469233767441,0.0010378466803374353,0.009246638318524177,0.020086380910495392,0.006237091832715299,0.0007729192749477057,0.009490245294214666,0.021532077088760333,0.00579579011378477,0.0013423503587441273,0.008745228243275345,0.015230671421068634,0.003979607843137255,0.0008059659191554186,0.009851734336134125,0.02011583410900817,0.0042336864129724075,0.0006066886314521557,0.010635172454315766,0.021201778880959768,0.0037452505880224353,0.000977693934421287,0.007963536291709667,0.013365293818551609,0.004869377028907096,0.0007481296758104738,0.009034267912772585,0.016666666666666666,0.004492641363284275,0.00024937655860349125,0.00809968847352025,0.017857142857142856,0.005244485577664661,0.001314060446780552,0.009411764705882352,0.013292433537832311,0.001998187829655988,0.0007093054842896381,0.005647517039922103,0.01214934808376136,0.0017158124371890089,0.00043765657541275545,0.004868549172346641,0.012050572896088503,0.002269066625909684,0.0009798157946306093,0.005501833944648216,0.009223445403153823,0.0014164791561032206,0.00046839778682045727,0.0043551979786562054,0.011585554866707997,0.001322244909534343,0.0003429340939221205,0.004288706406462981,0.012554246745195289,0.0015141770337565924,0.0006235289984894791,0.004608294930875576,0.008839850303264937,0.0011355731063551172,0.00026285172577239626,0.003297378863242609,0.008860759493670886,0.001388324054467178,0.00021545223423966907,0.00407980774604594,0.011507479861910242,0.0008962596098947061,0.00030442687412794386,0.0021915940193834318,0.00456158134820071
"19",0.006017172308281581,0.0010209919850910803,0.009468445192172886,0.021933948686457753,0.006286520580142892,0.0007797552153440231,0.009924092210939534,0.023787683982268618,0.0057508771864210485,0.00131467762501864,0.00886120832868221,0.016664649026116765,0.006881204275186008,0.0011529073342837768,0.009901101286956001,0.022385487050120455,0.007221095893978259,0.0008725728017416099,0.010350300589199751,0.024220695473017365,0.006548940327874757,0.0014893633758203953,0.009251351599010355,0.017059744457350638,0.003232266994532984,0.0007845329774379137,0.009671067871206857,0.022935779816513763,0.0034279972812435357,0.0006492686709831009,0.011582117211026175,0.026688907422852376,0.0030173742355174148,0.0010181469725100316,0.009016393442622951,0.016304347826086956,0.004626060138781804,0.0012121212121212121,0.010855683269476373,0.022443890274314215,0.00423728813559322,0.0006060606060606061,0.010217113665389528,0.022443890274314215,0.005223068552774755,0.0018909549322407816,0.0096051227321238,0.016494845360824743,0.002159510510950851,0.0007525335295494833,0.006036856598178352,0.013940520446096654,0.0018492331121505493,0.0005016890196996555,0.00487184918449481,0.013940520446096654,0.0024578376258334424,0.0010023722810651877,0.006412674462466994,0.009953550099535502,0.00133804968840573,0.0005273149124657245,0.004297621114776871,0.010514018691588784,0.001292737167549585,0.00045349082472052307,0.004254210800486195,0.01191588785046729,0.0013856199225571332,0.0006330730699601275,0.004645430413348502,0.008153878319046624,0.0010752250234187268,0.00028664057249041234,0.0031729634002361277,0.00814835627985389,0.0013295907815039148,0.00025698809947416283,0.004132231404958678,0.011239112110143298,0.0007923161503136925,0.00032114971598321993,0.002221060883198328,0.004119935912108034
"20",0.0053262897055019265,0.0009565988874461946,0.009133121713743905,0.020006105307577314,0.005509110616458263,0.0007144935268942559,0.009402955428717052,0.02178158262142155,0.005145790623994036,0.001250895795874404,0.008574743482832384,0.015173764072442487,0.0063611415379904125,0.001101876142283448,0.009652227255568139,0.020480273036143467,0.006627276162843275,0.0008330121470577265,0.009866930917327293,0.02221493397014436,0.006100359305566438,0.0014258370730571757,0.00910879545288931,0.01563809230663999,0.004530094519809981,0.0008080677484000259,0.010111832853411907,0.020195984703632888,0.004625661857074093,0.0006141314887840196,0.011919908926538538,0.02127151051625239,0.004425967380876239,0.001159246863489333,0.00864310308481484,0.015294904884810247,0.008713106153916336,0.0019083969465648854,0.014827418570734078,0.0396078431372549,0.008508691674290943,0.0014477494077388786,0.0106951871657754,0.047058823529411764,0.008916386134109727,0.002458344714558864,0.017341040462427744,0.028873239436619718,0.002311528307421531,0.0007786676837020087,0.0053586150041220115,0.012263593380614658,0.001955368709212231,0.0005085176709890668,0.004286892003297609,0.011229314420803783,0.0026403682975266293,0.0010157596651071165,0.00538971807628524,0.00980819529206626,0.0017720718342511689,0.0005950237704367779,0.005195099818511796,0.013590155163188872,0.0016184876359836922,0.00023190670027279552,0.0024954627949183303,0.008025682182985553,0.0019267822736030828,0.0005715863769772715,0.0035449260292101906,0.007241543592186756,0.0020961258661931887,0.00045756297307358233,0.005501222493887531,0.01648875333587495,0.002401488671511555,0.0003722546221615585,0.006723716381418093,0.0192527640106748,0.0018023466795693722,0.0005422321373241618,0.003694256311021198,0.010661928031985785
"21",0.006194410981669106,0.0011582202664881078,0.01047917609934245,0.02253353655871047,0.006444022156997925,0.0008679691540328547,0.010919303793831776,0.024118927646131383,0.005952643376118276,0.0014782674790389343,0.009513023782559457,0.016951790692080203,0.006962522006874113,0.0013091115424279133,0.010968835829836624,0.02307677521048787,0.007264731260611796,0.0009799197510571515,0.011365976417604694,0.02470749554675586,0.006672504059592788,0.0016674152771539357,0.010021447367753908,0.017475525388330505,0.004863541328920741,0.0009509572186653726,0.01093621594285353,0.022871917263325377,0.004881300776262415,0.000720066371335097,0.011758012516593969,0.022729855665416524,0.004846151292860225,0.0012179971255267838,0.009520137611958005,0.016951990289230254,0.0023514851485148514,0.0008173273395995096,0.002835538752362949,0.007389162561576354,0.0024307243558580457,0.0004086636697997548,0.002835538752362949,0.008210180623973728,0.0025214321734745334,0.001266357112705783,0.0030241935483870967,0.006611570247933884,0.0020177945099738633,0.0007956600361663653,0.004616998950682056,0.012687188019966721,0.0016944771532783824,0.0004701627486437613,0.0035676810073452256,0.011647254575707155,0.0023062730627306273,0.0010380391106348781,0.004722756690571978,0.009584664536741214,0.0012989887132314028,0.0005068180363201809,0.0036617262423714035,0.010703363914373088,0.001206107288725638,0.00040545442905614475,0.0035745422842197038,0.012467654669489531,0.0014022822651939316,0.0006705141406642879,0.004360753221010902,0.007911721840516344,0.0011212673938542147,0.00023393532690790968,0.00367436923328162,0.007493077048379215,0.00169540630734068,0.000200515994492494,0.0055523801747366704,0.012705652386382146,0.000558113576112739,0.0002823589809407688,0.0014095426034251885,0.0017002671848433326
"22",0.005687501516287776,0.0010324947553959584,0.010350465990995164,0.021410713493202362,0.006264134656120455,0.0007884505404841864,0.011425117192566378,0.023832418598458513,0.00514339626893044,0.0012625558961294003,0.008632634634405984,0.015093212405740925,0.006943807953319249,0.0012585256530666443,0.010527292292849457,0.022051505744741223,0.007582458354010868,0.000991016082960353,0.01144754907417715,0.02471953889611187,0.006325294811499543,0.001558363903106277,0.009330267691110119,0.016017890202034694,0.0051693036449511846,0.0009536063281398678,0.012347282508505255,0.023446560655653204,0.005865943136655457,0.0006764192392662402,0.013993866161658482,0.025695214040875235,0.004555392641946397,0.0011434140501797615,0.00897628149618772,0.015124350664276191,0.002385165807494037,0.0005100306018361102,0.004344391785150079,0.01027170311464546,0.0025652985074626866,0.00045336053496543126,0.004344391785150079,0.011928429423459244,0.002208682406702209,0.0005692815666628715,0.004180919802356519,0.007575757575757576,0.0030233430205306084,0.0008597727502613035,0.006389995877422014,0.013564519933946686,0.0031815421979356404,0.0006068984119491554,0.007558059639961523,0.013918376975701816,0.0028758406738977832,0.0010669598111804454,0.004826009652019304,0.010451661067562523,0.001686565452070848,0.0005224385476960084,0.003937007874015748,0.010380168185003504,0.001585206348058273,0.00040592347590769,0.004100079206075572,0.010686755430974072,0.0017939223697650663,0.0006949838518457953,0.003995856149178629,0.008176905574516497,0.0005035592483233766,0.0001237279222988648,0.0014141241001028454,0.002609308885754584,0.0007192864678239187,0.0001237279222988648,0.002056907781967775,0.003526093088857546,0.0003065469673746442,0.00008813678829543451,0.0008726003490401396,0.0011564339781328847
"23",0.006821256364878861,0.0011224471172272819,0.00940771974470562,0.020737935892920042,0.00713643717418659,0.0008291246998333928,0.009536314475028933,0.022286309733474226,0.006516992684215147,0.0014408074890148378,0.008723038747852643,0.016266787760408567,0.007360795399034735,0.0012240822390779983,0.00974364922862777,0.021152362694854543,0.007704190993429903,0.0009082870668342888,0.00984514557475931,0.022706616462105995,0.007031390821227526,0.0015709617538315205,0.009072415487958058,0.016614886731391585,0.0018315747561218395,0.00048441078034172977,0.005757575757575757,0.011527377521613832,0.002263104102788728,0.0005284481240091598,0.00787878787878788,0.01729106628242075,0.0013138302531312954,0.0006082725060827251,0.004757373929590866,0.00796812749003984,0.006307418072123955,0.0010548523206751054,0.013071895424836602,0.024305555555555556,0.007008690776562938,0.0008438818565400844,0.01568627450980392,0.02546296296296296,0.005904455179817499,0.0012335526315789473,0.009888751545117428,0.020618556701030927,0.0023998080153587713,0.0007567158531971245,0.0057777777777777775,0.015220700152207,0.0022637238256932655,0.00037835792659856227,0.0044444444444444444,0.0136986301369863,0.0025,0.0008830022075055188,0.004645760743321719,0.009233610341643583,0.0014280882408207749,0.00041254125412541255,0.004132231404958678,0.008705114254624592,0.0012686567164179104,0.000275027502750275,0.003814367450731087,0.008705114254624592,0.001589825119236884,0.0005727923627684964,0.004142011834319527,0.007662835249042145,0.00140386920047937,0.00033136094674556215,0.0028711186729051467,0.007578628268283441,0.001475444389798356,0.00014201183431952663,0.0031901318587834963,0.00909435392194013,0.0012690355329949238,0.0004674863260249638,0.002587800369685767,0.005090677696468342
"24",0.005303353091939033,0.0010039863110426232,0.009157332057617568,0.02103114905130089,0.005484611227472058,0.0007056005575317367,0.009287957209236046,0.0220690620298779,0.005134911275129552,0.0012818733354253667,0.008112946860198065,0.015373854403931344,0.007272335404639057,0.001284640056323705,0.009974863833005226,0.02223511351014835,0.007535088671797009,0.0009203938747970978,0.010140193067806417,0.023667697183646617,0.007019989544696422,0.0016841532292296091,0.009404572801024138,0.017061539889543786,0.0050093954018518945,0.0010259809400241864,0.010408946773742846,0.022679721721205876,0.005316652692407453,0.0007157186626285561,0.010788613638848728,0.022921927338314867,0.004745777448396786,0.0012342161180809404,0.008101556519520286,0.014684941860857477,0.00439651596847781,0.0012142471667566108,0.005852231163130944,0.016167664670658683,0.004400812457684496,0.0008094981111710739,0.006583760058522311,0.016766467065868262,0.004392386530014641,0.0016750418760469012,0.0051813471502590676,0.012732615083251714,0.0029524215120034837,0.0009451454874714111,0.00564631378373077,0.01201669688409158,0.002732226638452176,0.0005699732329026067,0.004623532378737355,0.01252266306868491,0.003150644450001137,0.0012410481770833333,0.0055658627087198514,0.009124941506785214,0.001485450397056506,0.0005491532411314167,0.0043162252434492164,0.012324636161006949,0.0012980453283946058,0.0003993841753683031,0.004022204450298725,0.01193129670905992,0.0016763531849327384,0.0007343900015159427,0.004428212736818078,0.009307234695835732,0.0006706560441661024,0.00021844884516177817,0.0017947069538197793,0.0047784535186794095,0.0007556417849484326,0.00013443005856109426,0.0022500803600128574,0.0058644656820156385,0.0005934791478628569,0.00027896893083164623,0.0011518771331058021,0.002644679527069073
"25",0.005507746393022848,0.0010050893461452043,0.00871113587610829,0.020583602185784276,0.00560954486900969,0.0007081992868179429,0.008740728764576301,0.021222569201420502,0.0054120276775218665,0.0012877309505061225,0.008049504115752271,0.015645620892119096,0.006935505234162796,0.0012046619961203471,0.009355004007410425,0.02162532691224562,0.0070681361018242765,0.0008580735637764703,0.009319340870143009,0.02220820216820863,0.00681085995991257,0.001556173498028362,0.008864638877570904,0.016679587189301806,0.004550874621216265,0.0010082614421919604,0.010171606069864548,0.021621743238986635,0.004764110669064617,0.0006679732054521737,0.011457378551787351,0.022184223552175673,0.004352653598855054,0.0013174741608060715,0.008025130121752688,0.01481903676261043,0.005006924470011718,0.0010207553589656345,0.00940733772342427,0.015781922525107604,0.005107469674398808,0.0006805035726437564,0.010348071495766699,0.015781922525107604,0.005119453924914676,0.001362862010221465,0.008645533141210375,0.01544943820224719,0.0023965141612200436,0.0008061066692988517,0.005313276290367099,0.011961614705352315,0.002304970429928899,0.00047159982013402206,0.004885454043610267,0.013155523517750947,0.002483757137015554,0.0010569583088667059,0.00511795671670891,0.008774184074305224,0.0021313866968575563,0.000680283800079629,0.006345223810043271,0.0140539483971853,0.0020712076536940805,0.0004898043360573329,0.006199774553652594,0.014777169663799843,0.0021878493571827837,0.0008493842664880063,0.0055079465206086435,0.009404821005019583,0.0013128179851324548,0.00032228052999945273,0.0035035211267605633,0.009702254694005813,0.0014690002042980416,0.0002797151769806571,0.0039084507042253525,0.01139131117919711,0.0011505884636178383,0.00036965050141301887,0.002618617120768128,0.006141988318179081
"26",0.005549782973289257,0.0009753162854582697,0.008778290528904319,0.01963510076666417,0.005784516791474145,0.0007404000261018066,0.009142821112035026,0.02105839689453732,0.005321283272707689,0.0012413968293771564,0.008116329301934863,0.014957542968895775,0.006335418182695417,0.001097835567896437,0.008940632355160634,0.019677473926515646,0.006559484393246312,0.0008270816063260922,0.00920630683781259,0.021107485074529753,0.006114879667447152,0.0014276158520815268,0.00853001389776495,0.015318006425794454,0.0048083930456444,0.0009292884963519667,0.010240332597824142,0.022412120715329862,0.005075034697455211,0.0007328981293543255,0.010973001985022875,0.02266486331407025,0.0045650046267887556,0.0010889261316749895,0.008278366560438746,0.015153355319089304,0.0071298991688815766,0.0015288571792585043,0.012048192771084338,0.02914325842696629,0.006879959479993246,0.0010192381195056695,0.012631169840652934,0.028792134831460675,0.0073796069832166656,0.002133475565037669,0.011170011359333586,0.024468394989804836,0.0021397101309707242,0.0007020612518353887,0.004520942302234116,0.011695687915701367,0.001917910952378025,0.00044931920117464877,0.003933017070105016,0.011807787160899783,0.002352441763800697,0.0009398125113527772,0.004737001667424587,0.009336224551258885,0.001743376409849368,0.0005207221819113065,0.004790192481290586,0.012402679703059931,0.0016725105189340814,0.000414016816765547,0.004804752336856818,0.013036393264530146,0.0018157595031910094,0.0006512406799484324,0.004830206461873767,0.010027627135986903,0.002381518912307506,0.0003958998777288813,0.006363808203641862,0.017625231910946195,0.00334893893312374,0.0003501155381275821,0.00894713628630836,0.02603387396014124,0.0014612125615301099,0.00044270208283329334,0.0033396293558895186,0.007290574668826837
"27",0.005600286270343927,0.001026993085291492,0.008839618355293049,0.021199815943862877,0.0057895612968391595,0.0007738248345895378,0.009079509313948205,0.02298170942137352,0.005413358058352252,0.0013183772551263115,0.008459384053891263,0.016399717862673736,0.0066889762694424286,0.0012033111026486804,0.00924625318707887,0.02163319311472545,0.006945119664411818,0.0008988962732644671,0.009451630890509209,0.02346685307003857,0.00643683713977093,0.0015628605171106697,0.00889280496942248,0.016788205285606934,0.0027364133893343517,0.0007182523148867898,0.008449905482041588,0.019031639501438158,0.0029642819204095364,0.0006156448413315341,0.010056710775047259,0.0211888782358581,0.0025107218068998734,0.0008423906158952142,0.0073490385007961454,0.013843266072266542,0.005767275532026785,0.0011487785436301403,0.01404976404976405,0.032906360424028266,0.005379959650302623,0.0008908894828152107,0.012655512655512655,0.03268551236749117,0.006147327475428056,0.0014494154024543434,0.014125956444967627,0.025016677785190126,0.0019666509782827945,0.0007583203416254321,0.005079071915040979,0.013888888888888888,0.0018310937826359396,0.0004998983257642513,0.00479048828350456,0.014734299516908212,0.0020932197880777484,0.0009741524873360176,0.004803719008264463,0.009657983342193869,0.0017330170119199168,0.0006312429271355962,0.005989911727616645,0.015697211155378487,0.0015459188873914176,0.0004971446887285524,0.005731972945087699,0.015458167330677291,0.0019284691740709629,0.000809699788232363,0.00630312843347019,0.013783597518952447,0.000951397822955265,0.00021265186116607186,0.002620689655172414,0.00914277355178467,0.001096575903130647,0.00018491466188354076,0.0032413793103448275,0.010971328262141603,0.0007992376502413083,0.00023415036199645964,0.0019414962464405902,0.006073642920409971
"28",0.0056668081595823965,0.0009907910281718505,0.010114138824916031,0.02079800987054368,0.006246096626716173,0.0007355546437406239,0.010969185771151115,0.023207793190303905,0.005125941442812124,0.0012235979914802892,0.008508249114623823,0.014505778439329898,0.006783085846485552,0.0011538211409403013,0.00981810057967947,0.021146027282744995,0.007368210440762894,0.0008580233575356059,0.010470680917610263,0.023679244088105282,0.006218810072818443,0.0014770038410649817,0.00897302337360354,0.01524203669705739,0.005010189981288247,0.000947091936669716,0.011920807830832799,0.022055167921002556,0.005700723873166812,0.0007043557810491814,0.013301809664803235,0.02442954861051585,0.004402215398342983,0.0011039108123377655,0.008731546142651864,0.014269023292813285,0.0030672658534845565,0.0009047044632086852,0.00862851952770209,0.013605442176870748,0.0033018159987993397,0.0006031363088057901,0.009082652134423252,0.015306122448979591,0.002990755845568244,0.0011276075925577898,0.006939090208172706,0.009485094850948509,0.002878811329515555,0.0008594951596851534,0.007234726688102894,0.014004542013626041,0.0025568564123267393,0.00036189269881480143,0.006430868167202572,0.013626040878122634,0.0031531273290145044,0.0013315579227696406,0.0060901339829476245,0.009332711152589827,0.001073940315529367,0.00036736898973527824,0.003220478943022296,0.007390983000739098,0.001072025583254597,0.00030253916801728796,0.0037985136251032204,0.008130081300813009,0.0010760401721664275,0.0004592589011626502,0.003102755977368133,0.005398920215956809,0.00008728193154914519,0.00004515624059244988,0.00023655574830468382,0.0003885003885003885,0.00006909258406264395,0.00006020832078993317,0,0.000518000518000518,0.00008292389659390095,0.00002862376917792535,0.00025188916876574307,0
"29",0.005619250832627529,0.0009722394076267746,0.009335811525638558,0.020591773263000875,0.0057253132653067975,0.0007306495469359247,0.009439732055394754,0.021490319591634065,0.005516802579788737,0.0012381911560605911,0.0087819376334955,0.01589305594677612,0.006467538911046039,0.0011014140207124162,0.009759330764738259,0.021179958154808148,0.006594200127912797,0.0008257937862751792,0.00985701860900913,0.022218939000386042,0.006344136044826759,0.001422108349083526,0.00937047292465113,0.016566604532099266,0.00480387543412426,0.0009354636166168884,0.011070917809371583,0.022583520211603703,0.004891961603860224,0.0007042492533260928,0.011558845797930511,0.021879132884825483,0.004723780126500297,0.001123190188072868,0.009258170703033154,0.015929516804656926,0.00336227442969016,0.0010658140154543032,0.004756677643615075,0.01232166018158236,0.0033104150751209573,0.0007993605115907274,0.004756677643615075,0.01297016861219196,0.0034144259496372174,0.0013646288209606986,0.0044609665427509295,0.01060695344725987,0.002292710240772409,0.0007498407872301087,0.005565117613310385,0.013447927199191101,0.0019731459646758747,0.0004930459970828112,0.004016064257028112,0.012942366026289181,0.002578020939258962,0.0009470429068419019,0.0057011494252873565,0.009575353871773521,0.0013528317077355577,0.00046800182559389816,0.003963793409453943,0.009847522236340533,0.0012463809511444634,0.00038677836825942,0.0036088268354729927,0.010292249047013978,0.0014628712539088188,0.0005817002031854231,0.004256063432835821,0.007540248624414102,0.0008895172454419605,0.0002136652525911768,0.0020694115111015306,0.0059751434034416824,0.0010276492371680663,0.00017093220207294144,0.0022849752101746067,0.0074888463989802425,0.0007597525377448488,0.00025977598141837686,0.0015636363636363636,0.0033583208395802098
"30",0.005959095206253315,0.0009655496640660799,0.008936259783003884,0.019027035371760485,0.006403448491285063,0.0007587524324710335,0.009261562601657131,0.021825128808784084,0.005509391892767789,0.0012296744795730471,0.008338274533056626,0.015066149532877706,0.0066081005815927345,0.0010557098660885667,0.009134599737461623,0.01928393265433382,0.007095431572688535,0.0008280077381086798,0.009460060535708473,0.022136769902307212,0.006113281293672284,0.0013648444795632498,0.008645502419887853,0.01537354505586402,0.0029545006893834944,0.0008032128514056225,0.006666666666666667,0.012254901960784314,0.0031806615776081423,0.0008032128514056225,0.008888888888888889,0.0196078431372549,0.002586652871184687,0.0012674271229404308,0.009389671361502348,0.007042253521126761,0.004969655684914541,0.001020075077525706,0.013064896123366887,0.02818766553159289,0.004839723444374607,0.0008568630651215929,0.01285071749839366,0.027620128641695045,0.005095813499328695,0.0012352795849460594,0.011566173682214638,0.023661270236612703,0.0025999752383310637,0.0012371134020618556,0.008695652173913044,0.015151515151515152,0.001905366783105748,0.0004123711340206186,0.004347826086956522,0.011363636363636364,0.003043831168831169,0.0015001500150015,0.006172839506172839,0.006420545746388443,0.0017478262793424633,0.0004331582652011479,0.005795363709032774,0.011564625850340135,0.0019161356445791186,0.0003790134820510044,0.005995203836930456,0.014285714285714285,0.0015818613234906407,0.0004955401387512388,0.0049261083743842365,0.007411630558722919,0.0011507287949034388,0.00026680896478121667,0.0022300469483568074,0.0065117916226680745,0.001689817161783095,0.00017787264318747776,0.0035211267605633804,0.010911650827173531,0.0005926316136041879,0.00026698705112802027,0.0012424932698281218,0.0022793878215564964
"31",0.005288798799288709,0.0009748761365284638,0.009013363662212113,0.020306707688934268,0.005512202813025343,0.0007221870204823232,0.009411430196189934,0.02230414493925461,0.005067214210134023,0.0012714085084620708,0.00852229578835455,0.015232882959922468,0.006286173449353298,0.0011457443936444109,0.009491497766506434,0.02064507890724174,0.006596820642313426,0.0008494311883915461,0.009906240863753493,0.02260930962735952,0.005980947497456195,0.0014921095608739759,0.008957545525250087,0.015535593813248046,0.003845135321222393,0.0007227948065854638,0.009748931623931624,0.021698615548455803,0.004074157904483631,0.0005889439164770446,0.011217948717948718,0.024494142705005325,0.003580316989040737,0.0009351803144543807,0.008789339381910972,0.015659461843846492,0.004385090691648395,0.0012899896800825593,0.012844036697247707,0.023185483870967742,0.004054054054054054,0.0010319917440660474,0.011926605504587157,0.024193548387096774,0.00470526728532218,0.0016025641025641025,0.011467889908256881,0.016506189821182942,0.0018143967608243092,0.0006485084306095979,0.004426229508196721,0.014206514206514207,0.0016594231529039906,0.00048037661526636886,0.003934426229508197,0.01386001386001386,0.001959407002107287,0.0007999623547127194,0.004123144584936778,0.009722222222222222,0.0015934218094284557,0.0005666663409963558,0.005199716379106594,0.012899262899262898,0.0014008171433336112,0.0003810342637734116,0.004884582053100134,0.013718263718263719,0.0017859476412423227,0.0007873130131593746,0.005964045326744483,0.01105393558223747,0.0017811102669174337,0.0003180179907320471,0.0050561797752808986,0.01728783116299955,0.0023177306393913437,0.0002725868491988975,0.006067415730337079,0.024247867085765602,0.0013056438302170325,0.00036307524734501223,0.003480753480753481,0.008653122648607976
"32",0.0033617705775983745,0.0005390544984097892,0.005488902833290136,0.012735167630442837,0.0032785534718297983,0.0002714874473809302,0.0053541953701556465,0.013517845471084634,0.003445140823274528,0.0008340199050048288,0.005574071945753362,0.010702343630595804,0.005507197998249591,0.0008713249761088313,0.006715982669967625,0.01345746584302752,0.005439451505988192,0.0006055836344216804,0.006623738335555132,0.015369904319412424,0.005578229533442801,0.0012340303987443393,0.007262662044972638,0.012889523188780384,0.003048362789423209,0.0006312225633374459,0.006786522205024408,0.012980992118683357,0.0030789410099754926,0.0004495069769221205,0.00710402031987935,0.014570501357705809,0.0030182522687876006,0.000832313341493268,0.006199604442415944,0.010488013698630137,0.0029069767441860465,0.000662778366914104,0.005089058524173028,0.009778357235984355,0.0030605106680657575,0.0005302226935312832,0.005089058524173028,0.012385919165580182,0.0027601204416192707,0.0008041817450743868,0.004618937644341801,0.00790722192936215,0.002981303878702663,0.0007668412638583813,0.005201153026695075,0.013096500530222694,0.0024052916416115455,0.0003639246675938081,0.003383882692066675,0.009490986214209967,0.0034528734060374003,0.0010656436487638534,0.004997620180866254,0.008764148600219991,0.0006930582966491698,0.0002146078251029839,0.0017987689159529349,0.004838221953432114,0.0005854026156955188,0.00013935573058635318,0.001551231909170421,0.004422437254309041,0.0008010620823113791,0.00029610901367226424,0.002027468933943754,0.003996503059822655,0.0010431658150698824,0.0002527400722466743,0.002632181277180133,0.006804467839260496,0.0009215053868852137,0.00012328784012032894,0.002365148393987945,0.006804467839260496,0.0011612964637570796,0.0003831133521182461,0.0025938566552901024,0.005585414690694488
"33",0.006364294327015983,0.0010801584730770189,0.008895912723194371,0.020692085247017083,0.0066157260649338644,0.0007973488151894949,0.009067968341766182,0.022413388091014393,0.006117961541778046,0.0013967835674924798,0.008466033827030704,0.01642795489154462,0.007000380627477306,0.0011832116086872959,0.009291400052974224,0.02108921179496789,0.00726934112860857,0.0008738948683451854,0.00944474649045767,0.022750114985605505,0.006737147424540817,0.001533245513637247,0.008897787430433013,0.0168519394512772,0.002733851514339319,0.0005576899244020325,0.006812796208530806,0.014221556886227544,0.002973621103117506,0.0004957243772462511,0.008293838862559242,0.019461077844311378,0.002430133657351154,0.0009388202159286497,0.006661115736885929,0.009404388714733543,0.005219660722053067,0.0007462686567164179,0.010238907849829351,0.018633540372670808,0.004448398576512456,0,0.006825938566552901,0.018633540372670808,0.006808510638297872,0.0014124293785310734,0.014084507042253521,0.01639344262295082,0.0019660712279519154,0.0008712871287128713,0.003727171077152441,0.010852713178294573,0.0018074466803229305,0.0006336633663366337,0.002609019754006709,0.011627906976744186,0.002051983584131327,0.0009972220243607095,0.00401854714064915,0.007505773672055427,0.0018333501530595083,0.0005879252321291002,0.005211190345584202,0.014685314685314685,0.0017821715592319849,0.0004460122450634554,0.005211190345584202,0.016083916083916083,0.001884570082449941,0.0007551919446192574,0.004771471622300351,0.010010537407797681,0.001971479266609713,0.0004033884630899556,0.0037864077669902915,0.012409927942353884,0.0024700423912680665,0.0002689256420599704,0.005048543689320388,0.016813450760608487,0.0014882396712931508,0.0004890627778765783,0.002472187886279357,0.007262164124909223
"34",0.0057475545791072745,0.0010644006758944293,0.008967438810002356,0.022977788113152348,0.005952369096898337,0.0007696435656467411,0.009189493812320633,0.02427179367925165,0.00555333230334682,0.0013688038440545997,0.008099784354431195,0.01671323043049896,0.00794393134596287,0.0013381315920428202,0.009973866273201945,0.024708988384699426,0.008238851095993953,0.0009800827760313626,0.010215911384694533,0.025983966313741034,0.007661772108289413,0.0017512037567863062,0.009359715085324936,0.018546609663157056,0.005254119510424194,0.0010614693292632577,0.010634983573127903,0.02541786840729309,0.0055693664498849505,0.0007618073479781474,0.011281673652807673,0.025805798714770026,0.004976316450042868,0.0012996360510393273,0.008261171712123934,0.01608672086720867,0.0069605568445475635,0.0015944724953494552,0.012900355871886121,0.023994811932555125,0.007423117709437964,0.0010629816635663034,0.01601423487544484,0.02594033722438392,0.006488824801730353,0.002266931141966563,0.009812667261373774,0.01893095768374165,0.0027605706098390004,0.0008760409651990822,0.005117510921894531,0.012140342357654486,0.002582874494986955,0.000542383623671084,0.004344005643494511,0.013253207073772814,0.0029266258975433265,0.0011832208579837678,0.005312188957357102,0.009279754810148136,0.002810880990724442,0.0008065588820585312,0.00651824773373294,0.017865469806481696,0.0027431358106220316,0.0000612906506980614,0.0007996613199115669,0.002448123105619025,0.002876362565059413,0.00013429357629060075,0.0009252946332911269,0.001724904230777371,0.0020842029029574122,0.00040716025539397257,0.005823933300637568,0.01540058833708254,0.0026145361343768592,0.00034590605767983513,0.007070459375510871,0.02041875757051393,0.0015884306625948647,0.0004582337556133635,0.0038256592430659926,0.00757002271006813
"35",0.0045676030756705245,0.000846850270588112,0.007437249008792028,0.01564029273066999,0.004639153536444745,0.0006373820057783317,0.007087711062238165,0.016844247708870896,0.004497999750318158,0.0010841506693017977,0.007239707375392586,0.012281025437239513,0.00688270423001687,0.0010397881855044666,0.008488310613549113,0.016383928146675168,0.007232317023941912,0.0008287033658907779,0.008310153789568056,0.018029932542363205,0.006540165200870994,0.0013376584289201752,0.008278599546047654,0.013086749349464364,0.0041220975737020615,0.0006215040397762585,0.0070921985815602835,0.01415929203539823,0.004411218424962853,0.00048339203093709,0.008747044917257684,0.018053097345132742,0.0038108848398237466,0.0010148537687978596,0.0071207430340557275,0.010642201834862385,0.002767615714967393,0.0008217663494150517,0.006106663047903379,0.013157894736842105,0.0025419139506868693,0.0006275306668260395,0.005360293119826299,0.01236388384754991,0.0029757355264096526,0.0009991331050999868,0.0058069338239521645,0.009704142011834319,0.003119593885595984,0.000973537481193026,0.007125044531528322,0.013683010262257697,0.0029634300126103407,0.0007080272590494735,0.00641254007837549,0.012542759407069556,0.0031957115612597287,0.0011048851708625996,0.005623721881390593,0.009226401703335699,0.003338903118387117,0.0007824551517907204,0.0067329528018167314,0.015060610845043244,0.003195460353553139,0.0005606897879142061,0.006137605106487448,0.015560584530638738,0.0034776279735957154,0.0010119892616695012,0.006752095185315042,0.01190749454837599,0.002613264764247184,0.0004348341700596909,0.005321933344965974,0.012028683784408975,0.00302678849254618,0.0003557734118670198,0.00558366777176758,0.015035854730511219,0.0021818985279089677,0.0005310674455655868,0.004222590861106922,0.007651559741024131
"36",0.005686232569085209,0.0011007743659888281,0.009252806632711127,0.02206603575753066,0.005873989712355562,0.0008167668845863322,0.009357261231597672,0.023124014909117967,0.005510364985224652,0.0013768577978643482,0.008400189353811031,0.01608920637289035,0.007530870871873864,0.0013130561472576463,0.010151554089434366,0.023894523286773522,0.007810142606926292,0.0009922995312399454,0.010388371058861296,0.025194882148540126,0.0072629229502708115,0.0016686313817987038,0.009637327872891274,0.018140773536887658,0.005300066472829865,0.0010783007890477398,0.010904121923959448,0.024062706645381498,0.0056127498964574,0.0007882515261709744,0.011350397105925192,0.02423303253558475,0.005028636892062716,0.0012954218735698403,0.008544939213749379,0.014997148990407192,0.004097763531725796,0.0007682598913461011,0.00713782164258019,0.01791782514674081,0.003980246185597405,0.0002743785326236075,0.008107155445893549,0.017608897126969416,0.004212572909915748,0.001310914790538615,0.00582653570834027,0.01397441970630033,0.003386683601824113,0.0010547897291118841,0.006671484792537169,0.013171325728407443,0.003293155167712026,0.0006683197691486106,0.00587892333106598,0.014541286868071848,0.0034724619064626207,0.0013628524516578664,0.00653195613499376,0.009841961527556,0.0032145129522759695,0.0008717797819796055,0.007235831240650616,0.01853067200111064,0.0031262455031126463,0.000054872055514058566,0.0005922686936921692,0.0016280992257062985,0.0032969019042763956,0.00008702474723422334,0.0005986266799694818,0.0010973692795918973,0.0011049173692794013,0.00020191851856187192,0.0026861502095197162,0.0074323005270937334,0.001456876456876457,0.00019899216322039553,0.0035150194170286576,0.009705217949075494,0.000781180205392221,0.00019671209779401432,0.0015584950862324346,0.0038675419157921144
"37",0.0056722673781259975,0.0010323503084479757,0.009517121304807714,0.0214249211568481,0.005961498613673814,0.0007594196664551277,0.009794855322570415,0.022986567181213075,0.005399440584746422,0.001302043201606085,0.00850657441792785,0.015650587446558298,0.00703167923185578,0.001238002163585281,0.009775228021423929,0.02183557070999564,0.007382613685276843,0.0009116854729590753,0.009906699833419238,0.023570540809620177,0.0066966449266992216,0.0015924224684359118,0.00913524406881365,0.016354602081254152,0.005345129787248176,0.0010386611092841125,0.011391008159930391,0.02306158580978225,0.0058489483611226314,0.0007633712737288678,0.012404367525811484,0.023901317095770733,0.004906082921237167,0.0012208644771298763,0.008641342303238183,0.01521026622211404,0.004985825585314117,0.001147245082142748,0.009414334755019245,0.019174041297935103,0.005272768305943662,0.0008260164591427784,0.009674399251014251,0.02126998913212234,0.004717614344615975,0.0014437827107020393,0.008228913409388442,0.01340645947592931,0.0019790683381413227,0.0007233132412988528,0.004661851608667104,0.011716411528264773,0.0016920784977285685,0.0004510985805949835,0.0037207266360253883,0.011374326520140254,0.0022436223480609904,0.0009519134948611545,0.004817100707511667,0.008863464923309026,0.001463441671523946,0.0005713784300561379,0.004603405350309957,0.012632691291608628,0.0012633408619804488,0.0004285338225421034,0.004127191003726168,0.012680724338344782,0.00167370278907877,0.0007554333087978925,0.005259970585690804,0.01029146044465394,0.0016341680194187837,0.0004049939949166271,0.005141856903216396,0.011523687580025609,0.0020635388557563666,0.0003295813200011172,0.006600539712639486,0.015293782899416701,0.0012349902786238202,0.0004552977915378888,0.0030120481927710845,0.005647649427391099
"38",0.005046887795310964,0.000845256943314147,0.008418349147463793,0.019903906195795462,0.005205127754233562,0.0006621487652220233,0.0090033530712706,0.02190730590439187,0.004881569450823436,0.0011230780418043582,0.008106551688495785,0.01569152171268702,0.005765845070422535,0.0009273890505463164,0.008712953899969513,0.020134535723450274,0.00598241336904494,0.0007274584240649028,0.009290608302177436,0.022196561457531433,0.005540423921028909,0.0012333315764507457,0.008428227080043222,0.015948498964803312,0.0019501376567757724,0.0006298716636485316,0.00805860805860806,0.020833333333333332,0.002016970371400751,0.0005511377056924651,0.01098901098901099,0.022435897435897436,0.001868523866145745,0.0008555133079847909,0.007616974972796518,0.01791044776119403,0.0032931726907630523,0.0009813210611802924,0.0089179548156956,0.021212121212121213,0.0030887612441747045,0.0006767731456415809,0.008719778042013475,0.021645021645021644,0.0034928027095681626,0.0013009243409791166,0.008303249097472924,0.015779092702169626,0.0017624521072796934,0.0007689350249903883,0.004531722054380665,0.013235294117647059,0.0016118633139909735,0.0005767012687427913,0.0030211480362537764,0.014705882352941176,0.0018989190768331872,0.0008986340762041696,0.004509582863585118,0.010126582278481013,0.0011971746677840297,0.0004179795511542666,0.00392156862745098,0.013181019332161687,0.001076487252124646,0.00032152273165712814,0.004575163398692811,0.012302284710017574,0.0013323182337266844,0.0005884516366311144,0.003787878787878788,0.009445100354191263,0.000818926296633303,0.00020646937370956642,0.002672209026128266,0.008356545961002786,0.001004016064257028,0.00020646937370956642,0.0035629453681710215,0.011142061281337047,0.0006235191420376606,0.00022189349112426034,0.0017942583732057417,0.004728132387706856
"39",0.005848663429001085,0.001042378850271605,0.009524097635181855,0.020863065657466637,0.0060657760509255365,0.0007743851213791658,0.009795498547918684,0.022177128197286712,0.005640072916649357,0.0013309040497311998,0.008817344071645862,0.01564144805314524,0.006658822990718813,0.001186051098434276,0.009800030400783664,0.021236140858305722,0.0068865371299108,0.0008765475179026581,0.009977368305494097,0.022650581824616642,0.0064384981803623275,0.0015385215677858634,0.009309849690250394,0.016099072434922757,0.00473860470223308,0.0008960501060713204,0.010623612512613522,0.021822915995308008,0.004997099384839834,0.0006990605111627437,0.011656912209889,0.021784245736603976,0.004501982186609462,0.0010610069171375172,0.008481231349144023,0.015305615969821947,0.0030080743047126495,0.0007747933884297521,0.004333470903838217,0.01020408163265306,0.003035377852208499,0.0006887052341597796,0.004127115146512587,0.010582010582010581,0.0030867482703565725,0.0008925383791503035,0.004753673292999135,0.00878972278566599,0.001985812733476285,0.0006715462690872379,0.004560260586319218,0.01095137420718816,0.0016746310906823245,0.0004236600623771837,0.0034577800050112754,0.01040169133192389,0.002280909244505673,0.0008833004260625584,0.004909628084810567,0.008769650513186955,0.0015211736631703331,0.0004228107544772231,0.004809996576514892,0.010991596638655463,0.00145325060203379,0.00032453582235549016,0.004758644299897296,0.011563025210084033,0.0015902557177624986,0.0005469236732345066,0.004676772032239875,0.008595352964010426,0.0018919879841530133,0.0004491322949271202,0.005182560829209732,0.014764779723832866,0.0023121257316734995,0.0003380067786564925,0.006412321025971364,0.019487118178014226,0.0014907635944279194,0.0005431611078691027,0.0034403669724770644,0.007541949303820065
"40",0.005217519124968145,0.0009206553482156116,0.009047811432591332,0.02009467503845749,0.0053965352265897375,0.000689920385015173,0.009255466121208183,0.021746734084711748,0.005041737497271896,0.0011919852581439851,0.008458260324053042,0.0151451350680569,0.006741475946207775,0.0011227756998753258,0.009722755859335503,0.021007218828755714,0.007052699407431741,0.0008415504930295817,0.009961375907463954,0.022707274358207682,0.006439433992113005,0.0014580605293745494,0.009139613048123338,0.015924071771059763,0.004497920506139627,0.0008072780710404703,0.009906713442832085,0.02089899958887214,0.004632735200402482,0.0006187520544501808,0.010883431669590177,0.022337947101548582,0.004360236922857347,0.0010749433828363894,0.008743851979077212,0.01519285293960306,0.0063419795440700245,0.0015627774817971942,0.013733669132693216,0.028579339198917125,0.006364844281686489,0.0011720831113478955,0.013654966157720761,0.030948132652433395,0.006325941435868151,0.0019881798621891765,0.012753623188405797,0.021456633423995165,0.0027550667573868134,0.0009829006490264603,0.00629933211900425,0.014848573948838577,0.002402645288674263,0.0004992511233150275,0.00546448087431694,0.014407527197882975,0.0030661962365591397,0.0013875767595654227,0.005661968437537646,0.009553555024802499,0.001476910819590152,0.0005046237052418089,0.004685852629934788,0.012380191693290734,0.0013308063120596597,0.0003911437332496318,0.004295364910773556,0.013178913738019169,0.0016316131593527643,0.0006589785831960461,0.0053863683447275745,0.0106951871657754,0.00059173243578818,0.0001380053624940855,0.0016454905228077484,0.003445706835537344,0.000748907842729353,0.0001248619946375059,0.001957925432201625,0.004842615012106538,0.0004331369451048142,0.00016071072711961378,0.0011192952050837666,0.0016571256402530884
"41",0.005269447963493355,0.0009418641934258028,0.008350559694215843,0.018281558151684824,0.005304886769964243,0.0006887706631198936,0.008141243158209499,0.019333291391652328,0.005234709004204217,0.0012319605772615277,0.008161140378060117,0.014665173530514225,0.006540832196479893,0.0011325850610829824,0.009230992636987997,0.019057429822302345,0.006623381991921794,0.0008370038008205381,0.008986769020564288,0.020103075190279533,0.006459591751718392,0.0014833958244010893,0.009049816544993759,0.015394243799209206,0.004246230516921356,0.0008280518487849931,0.008854306412664341,0.01930005146680391,0.0046327710054048996,0.0007325074046944171,0.011537429568017172,0.02290272774060731,0.0037584565271861687,0.00111303012857417,0.007887517146776405,0.015128968253968254,0.006636220921935208,0.0013501989766913018,0.011893084845512505,0.026607538802660754,0.006233218258534714,0.0009948834565093804,0.010789602746444336,0.026607538802660754,0.007032946285282734,0.0017671747294013696,0.0120866590649943,0.02236024844720497,0.00320130137593393,0.0011199172984148863,0.006232181926672412,0.015192183809319304,0.002878480524926055,0.0006578535179500031,0.005105085195252934,0.014601674898003006,0.0034763799296998726,0.0014270172513669696,0.005738806741805397,0.011014363325146981,0.0016866041507786745,0.0005878401074907626,0.004827089337175792,0.01285492301172482,0.001465245579173441,0.0004198857910648304,0.004236311239193083,0.013137448792202288,0.0019149090331952068,0.0007854773957060569,0.005670165279285801,0.01108550787818397,0.0008304318245487654,0.00013227863170983358,0.0018994523656815827,0.005364969019192988,0.0011776718856364875,0.00010582290536786688,0.0026641669544624795,0.008009672056823333,0.0005099905847892039,0.00015811387712794927,0.0009822343696617697,0.0022312890475583323
"42",0.006124112684288648,0.0010643699958393154,0.00930023130582653,0.021215524093595554,0.006292164994828174,0.0007751238703184064,0.009492224284369029,0.022218838566066944,0.005963095581056581,0.0013743497758770483,0.008702754525541548,0.01616280510918591,0.0071259320094579776,0.0012213717606425673,0.009555591560759255,0.02154530089692683,0.007321749788346505,0.0008984416658403199,0.009698664870196503,0.02258510287114474,0.006937247833137731,0.0015906885172100396,0.009140414616935206,0.016631965707287203,0.004979627137908717,0.0009185634405243728,0.010728054750641867,0.023073237508555784,0.00500589871906988,0.0006615391956550973,0.011169725338682913,0.02219028062970568,0.004955509694557346,0.0011564442965106107,0.009083353988365142,0.016209603425425628,0.004724514240085174,0.0012861736334405145,0.007086167800453515,0.016553067185978577,0.00496244635193133,0.0008574490889603429,0.006802721088435374,0.02044790652385589,0.004490227152667723,0.0017833259028087382,0.007222222222222222,0.01010886469673406,0.002236151845170662,0.0007254281662485001,0.004818563583503822,0.011074365780427309,0.0020413276433550063,0.0004254390749427294,0.004091741143533972,0.011618293372786215,0.0024163674702228303,0.000973442621253152,0.004902310749387211,0.008625913384423454,0.002154123178498783,0.0006539730036180233,0.006138341731562071,0.014898688915375448,0.0020449779948846745,0.00044695996650152673,0.006016185677202627,0.015925043040656867,0.002261609184099904,0.0008723597449952223,0.00588708287863994,0.010887358711186176,0.0024971119161944877,0.0004802016847075772,0.007244084524863976,0.01971269459562081,0.0033517971940322648,0.0004051701714720182,0.009869669745666203,0.027654727249715225,0.0016892279234726245,0.0005353735934275591,0.0040129521490050645,0.00927172125018693
"44",0.005767378453569824,0.0009998678853244617,0.009069801189957916,0.020711297071129706,0.005869520245237244,0.000696604652838664,0.009006312581628212,0.02144068754947416,0.005671361568746696,0.0012986272939666315,0.00838679080448294,0.01577242013371299,0.0072767057887408,0.0012097316188001254,0.009676936538638665,0.021599115216967016,0.007463341580220636,0.0008512926206371254,0.009602100027631942,0.02232776006765988,0.007101995542637649,0.0015774376183706174,0.009080213903743315,0.016540949943762834,0.004261004585996461,0.0009052652182423175,0.01063157894736842,0.020261972984036022,0.004379456368308661,0.0006361323155216285,0.011789473684210527,0.02128530495292673,0.004143099038080484,0.0012057877813504824,0.009533898305084746,0.014682413022661985,0.005123825789923143,0.001366120218579235,0.009375,0.01867219917012448,0.004219409282700422,0.0009107468123861566,0.00625,0.016597510373443983,0.005393743257820928,0.0016680567139282735,0.010526315789473684,0.014545454545454545,0.0021372533687804623,0.0006306937631394534,0.005335365853658537,0.011406844106463879,0.00178648765699437,0.000350385423966363,0.0038109756097560975,0.011406844106463879,0.002462930384518723,0.0008585958655306782,0.006128702757916241,0.009906439185470555,0.0023119038335868555,0.0007263822015606841,0.006852948978689539,0.015812217638970734,0.002120077585818034,0.00047041894958215727,0.006543460960297108,0.01571400510705166,0.002493979127642494,0.0009724428861009149,0.006088506088506088,0.011519078473722102,0.0013289140427128609,0.0003527995683393517,0.003297702979304071,0.008550855085508551,0.001660588694972649,0.0003320466525546839,0.003866272458494428,0.011701170117011701,0.0010526315789473684,0.000358337314859054,0.0019290123456790122,0.005423728813559322
"45",0.005529630696942907,0.0009719502731482195,0.009178192978454264,0.01888521468781044,0.005908823741045001,0.0007175601157346736,0.009539016651805156,0.020468468302733727,0.005174942629828255,0.0012131952450368563,0.007972244362136059,0.014010765481197646,0.006584759349540294,0.0011393744597550627,0.009314277025999696,0.019105966896741388,0.007016150042432231,0.0008632649220300475,0.009560589934620648,0.02083526390836071,0.006173810266831466,0.0014245855080491918,0.008494734233323174,0.014685040861953543,0.005031397972153556,0.000962378165684631,0.010768503908931262,0.02022281729991916,0.005533713437056552,0.0006675165373457937,0.011686679325007355,0.021309114793856103,0.004593693683082251,0.001166708972481038,0.008087141883923142,0.013375593735101443,0.003013682116810319,0.0007681966583445362,0.0049479166666666664,0.01061865189289012,0.00292326431181486,0.0003840983291722681,0.0046875,0.012003693444136657,0.0031022551008232906,0.001187883587408434,0.004923682914820286,0.007698229407236336,0.0022596594849766203,0.000756234915526951,0.004754601226993865,0.011772151898734177,0.0018293416776988807,0.00041834271922767496,0.003374233128834356,0.010379746835443038,0.0026332838721812367,0.001017050553395154,0.0046931831514724865,0.008819538670284939,0.0014085784410976141,0.00047526660503391973,0.00405440082114447,0.010990888382687927,0.001303178766434074,0.00037109858201278664,0.0037977931742365924,0.012072892938496583,0.0015206901593800264,0.0006297897634396428,0.004444914805799556,0.00808550185873606,0.0011272574627745626,0.00022232377752800663,0.0026739981922265744,0.008906717432689693,0.0013386749087043398,0.0001605671726591159,0.0030129557095510697,0.011422355180853957,0.0009418071830909387,0.0002969614900339724,0.0019113385535483075,0.004789941123640356
"46",0.005530824988411658,0.0008980884282250476,0.008686170734097814,0.020301751308685285,0.005805658498066276,0.0006456620440011815,0.009298735665980594,0.02248746128758188,0.0052529513829823425,0.0012159886168946192,0.008045780245041696,0.015810182139995455,0.006414553638622245,0.0010304316129876442,0.009000646921497482,0.020561405567125216,0.006804800724637681,0.0007336860010841729,0.009633504908165275,0.02292259408089637,0.006020385861034394,0.0013955293921093623,0.008377728735890697,0.015993818813984935,0.001777421019436959,0.0004731488052992666,0.006323396567299007,0.012893982808022923,0.0022199798183652874,0.0005914360066240833,0.00993676603432701,0.017191977077363897,0.001195060416943301,0.0004510599909788002,0.004702194357366771,0.012396694214876033,0.003565922648971111,0.0008295726041943191,0.010012515644555695,0.02677376171352075,0.0033359339269860913,0.000564109370852137,0.010429703796412181,0.025435073627844713,0.0037943565626336042,0.0011646627616209366,0.00885478158205431,0.020006351222610352,0.0019501950195019502,0.00065237651444548,0.007554945054945055,0.015151515151515152,0.0014084507042253522,0.0001863932898415657,0.006868131868131868,0.013468013468013467,0.0024488619994237973,0.0011025358324145535,0.005836575875486381,0.01059322033898305,0.001161560104282285,0.0004230357042134356,0.0034192530247238295,0.010678391959798994,0.0011749730735337316,0.0003948333239325399,0.003682272488164124,0.01256281407035176,0.0012012012012012011,0.00044309406253956196,0.00411764705882353,0.009791921664626682,0.0002704530087897228,0.00006450780544445878,0.001006036217303823,0.0018099547511312218,0.00026888948642108095,0.00006450780544445878,0.0005030181086519115,0.0009049773755656109,0.0002720348204570185,0.00006709158000670916,0.00045599635202918376,0.00078003120124805
"47",0.005553304663398371,0.0009889429197575412,0.009543852629311008,0.02057666380800438,0.0059615613117870725,0.0007705218779371011,0.009987842225949922,0.022609419894387958,0.005165555066526729,0.0012062572141706264,0.008471067572271973,0.014918523323195917,0.006513550544197169,0.0011423206484042743,0.009841024254043004,0.02096885875179549,0.006972815158852588,0.0008960325860177465,0.010164186109409678,0.023087593023750887,0.006074324197482639,0.001402335691257309,0.009060430001268384,0.015517460832799913,0.0046282797488770705,0.0009107568361793338,0.01109811168089922,0.021724911231545505,0.005116040291030112,0.0006823797443277184,0.012246192199612933,0.023042421977200522,0.004199029843353245,0.001068326443401923,0.00827317853701111,0.014026074112131526,0.0025741682218933006,0.0008663634394628547,0.002729528535980149,0.009545454545454546,0.002586652871184687,0.000649772579597141,0.0024813895781637717,0.01,0.0025618035096708082,0.0010766580534022395,0.0030257186081694403,0.00847457627118644,0.00212208306652172,0.0008337965536409116,0.005050505050505051,0.011160714285714286,0.0019583804353017977,0.0005352767998682396,0.004620674833440791,0.010957792207792208,0.002279879711867963,0.0010425156851223535,0.004351907159313935,0.007978344493517595,0.0011999490804216308,0.00045659772118335294,0.003956268345599184,0.010784093462143339,0.0011284179982670724,0.0003754762986380872,0.004083889905134641,0.011570433610424624,0.0012767688658830048,0.0005839827624398397,0.0041331802525832375,0.008269899445540832,0.0018267661537841595,0.00035172842957765534,0.004477034025458593,0.012466487935656837,0.0023400498836981198,0.0002976163634887853,0.005566042301921495,0.016621983914209115,0.0013349498910113374,0.0003884299660771163,0.002878171127831915,0.006312961719274681
"48",0.004140192458494028,0.00088429092079577,0.007598282786494477,0.018307070789416176,0.004298601386261954,0.00066431731762815,0.007855601509443597,0.02007592869993897,0.0039856081250517345,0.0011203599103591798,0.007025767383714959,0.013557545895307138,0.006342214580274135,0.001155789762539854,0.00889901964871495,0.02010609392005177,0.006750458547465596,0.0008918417986600281,0.009367819333511534,0.022332852898785185,0.005939535945789713,0.001474416088973239,0.00833253202473579,0.015165892297292346,0.004160870342716605,0.0009085148234185044,0.009646603072082717,0.021526829780531345,0.004427356895132385,0.0006617119303447247,0.010544042079147883,0.022832878294655044,0.003914589554614892,0.001118522720291933,0.007766649851741575,0.01455505742185101,0.005127304653204565,0.0016058025404157043,0.00840663623204543,0.017831412103746398,0.0048053024026512015,0.0010464780600461894,0.00801692461863935,0.018371757925072046,0.005419175544233441,0.0021833266620574217,0.008284395973154363,0.015576829466169074,0.002267024779733567,0.0007756310816527994,0.004696486945007655,0.011061016801728012,0.0021239050265752296,0.0005041602030743195,0.0041378739603591674,0.011916324785085749,0.0024029675966097397,0.0010162132200101622,0.004753100743280164,0.008157400755486547,0.00246501464771415,0.000737651010424605,0.0057871053547051,0.014966728508987294,0.0023641363831049893,0.0005474657733500622,0.005583652432078749,0.015860499205402778,0.0025647113047486117,0.0009454987505909368,0.005722470955760621,0.011224292935139098,0.0006627505021721867,0.00020736583942203814,0.0018144984988486316,0.0035235250969296865,0.0009248090068355448,0.00021504605569692842,0.0024776284723234325,0.005396625799014985,0.000420646777430697,0.00019707972748114646,0.0009927741124725101,0.0012674016254928784
"49",0.0034994938281265285,0.0008600847970926711,0.007217478477272527,0.016969642445472794,0.0036494596086109722,0.0006452654956591964,0.007399948996192302,0.019769802133294347,0.003348105289343001,0.0011173203116408659,0.00686584339522182,0.012355969600392253,0.004036335537883996,0.0009516469523841437,0.007644085705260177,0.017161208098576,0.004284814929452486,0.0007282556490075841,0.007968149189024323,0.0201076361066771,0.003785947773628174,0.0012228431276913,0.00719482272771105,0.012508879417510211,0.0024198752419875244,0.0005455380728149764,0.00702887537993921,0.016022620169651274,0.0027479035391102477,0.0005168255426668198,0.009498480243161094,0.022620169651272386,0.0019894311470313956,0.0007356727727506805,0.0072992700729927005,0.01179245283018868,0.0026141512722202857,0.0009686346863468635,0.005700712589073635,0.014218009478672985,0.0025714285714285713,0.0007380073800738007,0.005700712589073635,0.015165876777251185,0.002654867256637168,0.001205154352461296,0.00487408610885459,0.009715475364330326,0.003383449082907222,0.0013717665502743534,0.007972237854061152,0.017071569271175313,0.0030458524270779025,0.0007838666001567733,0.006565372350403302,0.01772816808929744,0.0036751630112625963,0.0017920563031507608,0.007006726457399103,0.011499540018399264,0.0019131203947154868,0.0006866097000079947,0.00559822690970232,0.01686986107173235,0.0016440179799429807,0.0004749834226082704,0.004738430967939165,0.017389660712598055,0.0021887049683192144,0.0009430255402750491,0.006223605245610136,0.013380771908113542,0.0007343839762154351,0.00011486331265793706,0.002437096561717824,0.009841973939561963,0.0009507153839833801,0.0000945933163065364,0.0031616387827690688,0.014139173828666482,0.0005140466228332338,0.00011194447554013209,0.0017513134851138354,0.004532442748091603
"50",0.006122128454290855,0.001078820846138196,0.008732737611697806,0.01894759107697815,0.006321471247552598,0.0008245082397284477,0.00863119415109667,0.020436388486633365,0.005925057685698856,0.0013683185007607851,0.008403361344537815,0.015145526917539452,0.006678285627554732,0.0011804500037375725,0.009170710258946939,0.019504395115777954,0.006901626180192227,0.0009032467047068498,0.009045084091016158,0.02103498991004549,0.006460962294416104,0.0014924801959358615,0.008908417852950913,0.015622677408805779,0.002428026361429067,0.000496031746031746,0.00782608695652174,0.014184397163120567,0.0026590304765800776,0.000496031746031746,0.010434782608695653,0.01773049645390071,0.002127659574468085,0.0006406149903907751,0.00702576112412178,0.014218009478672985,0.004028197381671702,0.0008077544426494346,0.007633587786259542,0.011811023622047244,0.00496031746031746,0.0016155088852988692,0.007633587786259542,0.015748031496062992,0.003067484662576687,0,0.007220216606498195,0.007194244604316547,0.001832940560356114,0.0008513743614692289,0.004651162790697674,0.010230179028132993,0.0015543034777540316,0.00048649963512527365,0.004651162790697674,0.0076726342710997444,0.0020602218700475437,0.001049097775912715,0.00303951367781155,0.00718132854578097,0.0013544891640866873,0.0004906771344455348,0.0031088082901554403,0.007258064516129033,0.0011689829848032212,0.00032711808963035657,0.0031088082901554403,0.0064516129032258064,0.0015374759769378604,0.0006796941376380628,0.002777777777777778,0.005952380952380952,0.0011771995043370507,0.0002638522427440633,0.001958689458689459,0.006389776357827476,0.0012068855999491839,0.00017590149516270889,0.0017806267806267807,0.0076677316293929714,0.0010884682832436356,0.00043159257660768235,0.0015989766549408379,0.004931506849315068
"51",0.004805713284055077,0.0009141020924739048,0.008173301850261593,0.018529641468265152,0.00491314215770248,0.0006451216183706471,0.008325993933848903,0.019526412830814566,0.004702693977341462,0.0011927813885498062,0.00747440315780725,0.014061987431000948,0.005982963263016118,0.0010805623368970452,0.008508547411902528,0.019055585548482915,0.0061138572075307065,0.0007758228807138648,0.0085686948378703,0.02019721357406392,0.005855676695833918,0.0014268778843639295,0.008174294217291184,0.014872806061797882,0.004822285167512626,0.0009381267657271021,0.009979023478864974,0.020195945502657072,0.005124210762176336,0.00069011624145442,0.010791779362070942,0.02066612723336322,0.004548988550263426,0.0011455946677775464,0.007878626255130673,0.01412531124230703,0.004507337526205451,0.0015287922541192458,0.006937799043062201,0.013665031534688158,0.004253509145044662,0.0011890606420927466,0.006220095693779904,0.01401541695865452,0.0047540305911533695,0.0018897096718776842,0.0072300045187528245,0.011571254567600487,0.002233824425330652,0.0007289661419997735,0.004540107724374187,0.01103534900412704,0.0020016235005168837,0.0003821764239610463,0.00367335988608457,0.011412165799389916,0.0024414759295911847,0.0010087111944821728,0.004510530287439116,0.007814349988160076,0.0013887222984564494,0.0005295204392287477,0.004009495682081573,0.01128495163592156,0.0011648096127445935,0.000343472717337566,0.003757149799992523,0.01051852634917279,0.0016171779249682537,0.000747341656986426,0.004020260697081326,0.008686045182673626,0.0019583832604233523,0.0005005549631112756,0.00634713032774273,0.014908347100936198,0.002238172069590073,0.00038085703714988355,0.007462686567164179,0.018409251829124382,0.0016837894664866067,0.0006030558387012418,0.0044413738649822345,0.008939029652919055
"53",0.004972304060033631,0.0009221418473542536,0.008121900227813728,0.019309184136174964,0.004995353522529432,0.0006729511812300005,0.00800472670874498,0.02064599393072657,0.004949619436339524,0.0012233862598863248,0.007991307748662836,0.015175657685465534,0.00647614671811532,0.0011256834874374135,0.008883636251188608,0.020294171237567465,0.006574467824860254,0.0008410042386339237,0.008787967809018731,0.02168062545421036,0.006378363035500679,0.0014884981661644674,0.008820609013120798,0.01617425484304989,0.003882905088293885,0.0008229525806060397,0.008328874621009452,0.018214734353062884,0.004171815089869177,0.0006843500407144961,0.010130194399857321,0.02157688613020025,0.003556954384754678,0.0010793837699931313,0.007879748190655646,0.014457311371646407,0.006140956892675812,0.0014596478011112157,0.012550018188432157,0.02680965147453083,0.0056948368295775586,0.0009730985340741438,0.011276827937431793,0.027222107651062075,0.006596306068601583,0.00197372678444315,0.012321868638165649,0.021336889481580263,0.003138043487280482,0.001033352902908462,0.00685061484742675,0.015038805095914482,0.0027970129789663444,0.0006148548942449582,0.005389403370274784,0.014907014204129447,0.003438948894772329,0.001380814227668348,0.006381676719993006,0.01027084903041599,0.001582306863680865,0.0005376694473409802,0.004839885402363153,0.013196544276457884,0.0013733756836922237,0.00038451511991657975,0.004390649104070251,0.013347732181425487,0.0018016309501232696,0.0007318993017036222,0.005555952551093326,0.011486383690856534,0.001301827909050379,0.0003054416847520296,0.0035783490505102698,0.009196084247997626,0.001533707445304808,0.00023711920263644402,0.00436636093527968,0.012063680411351725,0.0010709409397102311,0.0003873477393726615,0.0025860637263043014,0.005278568188378902
"54",0.006787027600801911,0.0012111695507137715,0.010408374679679406,0.020992196010500563,0.007016553080330927,0.0009041910931595897,0.010593751703832942,0.022667881017435457,0.006561540552906773,0.001581422931795322,0.00988393228768776,0.0163045662834633,0.0073115783126953765,0.0013323766443991555,0.010895160229975736,0.021528287094408335,0.0075717495588009534,0.0009855048659302755,0.011032619739185522,0.023178472977415848,0.0070586116418982015,0.001728129816578036,0.010355838103730978,0.016799585485585473,0.004895828507003969,0.0007846522029110596,0.008812546676624346,0.01858345021037868,0.004991497997915638,0.0007454195927655067,0.010306198655713219,0.021972884525479196,0.004772510340439071,0.0011737089201877935,0.008753126116470169,0.013550135501355014,0.0025101976780671476,0.0005753739930955121,0.003105590062111801,0.006968641114982578,0.0024405125076266015,0,0.004140786749482402,0.006968641114982578,0.001937984496124031,0.0011961722488038277,0.002325581395348837,0.0035460992907801418,0.0024156210159028382,0.0007002801120448179,0.005198487712665407,0.011228533685601057,0.0020548950535740494,0.00040016006402561027,0.003780718336483932,0.010568031704095112,0.002595797280593325,0.0009048136083966703,0.004814305364511692,0.008108108108108109,0.0014356677290607862,0.00030826140567200987,0.003803131991051454,0.00933125972006221,0.001379767095314311,0.0002740101383751199,0.004026845637583893,0.01010886469673406,0.0014962892027771128,0.00038470416249903824,0.00425531914893617,0.006892230576441102,0.0009453999171156237,0.00020807324178110696,0.0020473562399857576,0.0060577819198508855,0.001167976215757061,0.00017339436815092245,0.0023144027060708564,0.007766387076731904,0.0007839368804369816,0.00024037636070189898,0.0015647003598810829,0.003472222222222222
"55",0.0058345173623848305,0.0009829133062329448,0.008856901467596072,0.02064820512820513,0.006118491406584448,0.0007483698552283938,0.009240172838724406,0.02258871794871795,0.005553468081737597,0.0012605568123690662,0.008354733609688534,0.015929657983955063,0.0067388603151735706,0.0011169894773747826,0.009087439866781793,0.02092959620206137,0.007096235530413647,0.0008487921380721855,0.009445926359935857,0.022936239035209686,0.006385721793785462,0.0014415220726732945,0.008655237192484908,0.01620542365389818,0.004600172438255099,0.0009656660180306244,0.012084434552788983,0.025322636902685734,0.004891792658983261,0.0007579567235863014,0.013562386980108499,0.02706662016044646,0.004317798567178286,0.001183118877727236,0.010000980488283165,0.017308480131093814,0.006221064814814815,0.0012239902080783353,0.013864628820960699,0.028394534585824083,0.005855724905519332,0.0015154164480969867,0.01703056768558952,0.0444064901793339,0.006624151409175067,0.003290074940595869,0.015904972820616065,0.023931623931623933,0.001750187930015436,0.00063125999494992,0.005016181229773463,0.013209181463837158,0.001467584004508418,0.000378755996969952,0.004638619201725998,0.011909917713295798,0.0020091365202653407,0.0008597498405302715,0.004631344942571323,0.010836163674591621,0.0014353104250039125,0.0005124111648985478,0.0041784957415330485,0.011863719326708579,0.0014319954944532003,0.00042743845916160266,0.0039985605182134435,0.014702900020279863,0.0014387895838965537,0.0006322283870545788,0.004596247100990934,0.008057215281549882,0.0020425440423559134,0.0005261036983970628,0.005904356755170897,0.014701579871269748,0.002395133234978052,0.00043655413271245633,0.006967874431568139,0.018870684610883558,0.0017012649301423597,0.0006097493375904924,0.004315135665250082,0.009057743112341175
"56",0.005011692794153083,0.0008919280511372082,0.00809923385625684,0.01691817129394561,0.0052836228211468024,0.0006742551338953896,0.008372856621670923,0.019477222414038223,0.004732138462512041,0.001181017822632596,0.007841420938417491,0.013432126911750737,0.005701948627103631,0.0009870683725409272,0.008676903660075726,0.017409284951974385,0.006036251134949726,0.0007360022011280781,0.008981909970551115,0.020077374599786552,0.005358807082945014,0.0013162705667276052,0.008419360297850736,0.013885979977380305,0.0029567053854276664,0.000892458723784025,0.005494505494505495,0.010460251046025104,0.0030664395229982964,0.000892458723784025,0.006593406593406593,0.016736401673640166,0.002777777777777778,0.0014970059880239522,0.006734006734006734,0.005988023952095809,0.003989474577709872,0.0012227656736327256,0.008408071748878924,0.022727272727272728,0.00393028024606972,0.0011116051578479323,0.007847533632286996,0.023809523809523808,0.004047900151796255,0.0013786764705882354,0.008629989212513484,0.015384615384615385,0.0023823704586063135,0.0002946375957572186,0.006430868167202572,0.019553072625698324,0.002286236854138089,0,0.003215434083601286,0.0223463687150838,0.002456140350877193,0.0005243838489774515,0.005405405405405406,0.007731958762886598,0.002218609219930224,0.000634284077423579,0.004986149584487534,0.014631915866483767,0.002182972812065886,0.0004910586405859966,0.004986149584487534,0.01646090534979424,0.0022560044425933637,0.0008339185393258427,0.004994450610432853,0.01155115511551155,0.00033849857078381226,0.00009898050084133426,0.0007455268389662028,0.001256281407035176,0.0004508227515215268,0.00009898050084133426,0.0014910536779324055,0.0008375209380234506,0.00022592062655320432,0.00010165700925078785,0.00045829514207149406,0.0015873015873015873
"72",0.0043671790214719125,0.0010247669410734283,0.00638924034071844,0.013064795744027186,0.0048294721368933955,0.0006747527097255603,0.006498523902315888,0.014981801766216178,0.003952471044945357,0.0013276195812745148,0.0054101957912444515,0.008609582671368233,0.009124979631741893,0.001990202082057563,0.011775852734163508,0.019576719576719578,0.010489242783860347,0.0015309246785058174,0.014076881429344884,0.026455026455026454,0.007573779054583442,0.002827854365500177,0.010401188707280832,0.01461038961038961,0.008166122258516099,0.0011923688394276629,0.01194267515923567,0.01995305164319249,0.009948096885813149,0.000794912559618442,0.01592356687898089,0.028169014084507043,0.0060790273556231,0.0019723865877712033,0.009784735812133072,0.011135857461024499,0.003205128205128205,0,0,0.017241379310344827,0.005747126436781609,0,0,0.034482758620689655,0,0,0,0,0.005462490895848507,0.001829268292682927,0.006756756756756757,0.013565891472868217,0.0055248618784530384,0.0012195121951219512,0.008108108108108109,0.015503875968992248,0.00539291217257319,0.0025,0.006968641114982578,0.014218009478672985,0.004327428107291901,0.0010173940487726817,0.006320615943162969,0.012999628582040514,0.004773955644249387,0.0006678905770752394,0.006394166066789772,0.014859892891949118,0.0039278557581723895,0.0013179169198031483,0.005365129881300533,0.008572063720065567,0.0028345818991698723,0.0007137758743754461,0.0033333333333333335,0.009302325581395349,0.004113533525298231,0.0007137758743754461,0.005,0.013953488372093023,0.001594896331738437,0.0006901311249137336,0.0015408320493066256,0.004878048780487805
