"Variable","Coeff.","Std. Err.","t-value","P>|t|","R^2","DemandID"
"F_ij",0.22727001541264752,0.0021594210077562656,105.24581107451166,0,0.9813070545936812,"1"
"F_ij",0.08589242405092568,0.0055597752885317405,15.448902085682796,0,0.5307655205979557,"10"
"F_ij",0.063771766956517,0.001603247296062864,39.77662529861924,0,0.882331941357714,"100"
"F_ij",0.003791576338608905,0.00033165345858315496,11.432343732541685,0,0.38249652731183825,"101"
"F_ij",0.06924198499101064,0.002532814801404343,27.337958129674057,0,0.779833121889383,"102"
"F_ij",0.15833238136660077,0.0003838858523272008,412.44651347986627,0,0.9987611782125038,"103"
"F_ij",0.1535450471974091,0.0004260982653633207,360.3512609150991,0,0.9983777221266837,"104"
"F_ij",0.1819349288178523,0.0006677932685800342,272.44199272135614,0,0.9971653363670077,"105"
"F_ij",0.08726634997132773,0.005696799366021882,15.318487516309792,0,0.526540713704902,"106"
"F_ij",0.17193028912025685,0.007204785004317055,23.86334762484064,0,0.7296463969158256,"107"
"F_ij",0.019837236732564795,0.03149720004314985,0.6298095292720817,0.5295006077780635,0.001876378004652346,"108"
"F_ij",0.009043671306523832,0.0017717577746433092,5.104349723169414,0.000000739460435328354,0.10990889696435235,"109"
"F_ij",0.05090620944473769,0.0034659405369910187,14.687559957082323,0,0.5055356774761609,"11"
"F_ij",0.06937189747720812,0.003952413967932209,17.55177925188376,0,0.5934998153788644,"110"
"F_ij",0.06867268647273946,0.006280561146982563,10.934164140051818,0,0.3616814251574886,"111"
"F_ij",0.005819276296397932,0.005423990590151151,1.0728772846627976,0.28455167972118445,0.005425688833196496,"112"
"F_ij",0.01776877750859376,0.0043360324635133935,4.097934611448021,0.00005944432380178277,0.07372071600451513,"113"
"F_ij",0.004925019539002646,0.004238598598945934,1.1619452571487692,0.24657034310360615,0.00635797522073378,"114"
"F_ij",0.004045593686659037,0.003853197834261993,1.0499314752765332,0.2949506669959716,0.005197283627730975,"115"
"F_ij",0.08106768152611182,0.005131251635365625,15.79881231459727,0,0.5419043242490884,"116"
"F_ij",0.007955301600275647,0.006996538015384543,1.1370339992125962,0.2568136824600482,0.006089919362831209,"117"
"F_ij",0.05666095132386219,0.0058036445696513774,9.762994725789314,0,0.3111690067568206,"118"
"F_ij",0.02131752613536286,0.0041152624561109465,5.180113385892913,0.0000005167520773508016,0.11282500683767194,"119"
"F_ij",0.13619516413983598,0.0038030896910625053,35.81171500106952,0,0.8587191318368215,"12"
"F_ij",0.09416030615352051,0.016366104568817295,5.753373122943761,0.0000000304894203217998,0.13560477548061878,"120"
"F_ij",0.05037102964108223,0.008445121501677668,5.96451213059229,0.000000010219483037587906,0.1442779946456274,"121"
"F_ij",0.08548516950857764,0.002378336272370358,35.94326441625483,0,0.8596064695922507,"122"
"F_ij",0.039639561161033836,0.006035648350566929,6.5675730027098895,0.000000000391563004242812,0.16972613779109602,"123"
"F_ij",0.033281193924020264,0.00396050665143944,8.403266766872937,0.000000000000006439293542825908,0.25074985120515836,"124"
"F_ij",0.06438465001715762,0.006906041617745744,9.32294555707788,0,0.2917497903495905,"125"
"F_ij",0.023545075881520813,0.0032494412384731926,7.245884493231792,0.000000000007955858194463872,0.19924962354475195,"126"
"F_ij",0.010759912059447395,0.002531072585560638,4.25112741563832,0.00003193674263335389,0.07889256501464004,"127"
"F_ij",0.10750603010725085,0.002649063927481612,40.582648456299694,0,0.8864340557950885,"128"
"F_ij",0.1588024071920467,0.0015344871146463933,103.48891540131379,0,0.9806793464311284,"129"
"F_ij",0.18788608476190674,0.004717874906384692,39.824304054276816,0,0.8825804603346276,"13"
"F_ij",0.16487362800225536,0.003578826886044077,46.069182235439584,0,0.9095728322016443,"130"
"F_ij",0.11494080627421147,0.0009931756543918992,115.73059183029142,0,0.9844905056332135,"131"
"F_ij",0.14713558838793864,0.0012529807918921405,117.428446900409,0,0.9849290452394117,"132"
"F_ij",0.12422024245279871,0.0023854935983957898,52.07318206023904,0,0.9278044125290386,"133"
"F_ij",0.024278485072403166,0.0034550155989922816,7.027026181729665,0.000000000028665070317401842,0.18964309169004934,"134"
"F_ij",0.041172075116992245,0.001867916644410104,22.04170900248847,0,0.6972031917728536,"135"
"F_ij",0.08939712411390599,0.0019563937483206163,45.69485268016481,0,0.9082217465492888,"136"
"F_ij",0.12540430494714452,0.0035274259945217855,35.55122209279564,0,0.8569384246013165,"137"
"F_ij",0.0068590027074732565,0.004533289179063296,1.5130300398993117,0.13176840231349307,0.010733123190038607,"138"
"F_ij",0.019816698508147018,0.0046748611517187484,4.238991889815007,0.00003356894914241515,0.0784780828062922,"139"
"F_ij",0.17718817736724257,0.007087480112442664,25.000165722676797,0,0.7476101571087914,"14"
"F_ij",0.06558011312134081,0.0046430809660870185,14.124266537744399,0,0.4859863123461552,"140"
"F_ij",0.10174942964615497,0.005780669220272263,17.601669593778052,0,0.5948686738156223,"141"
"F_ij",0.13188454362744986,0.009460206182088371,13.94097983584708,0,0.479463373036787,"142"
"F_ij",0.3622468601806083,0.028120204976329482,12.882084625113292,0,0.44024124912838203,"143"
"F_ij",0.019041842576038102,0.010181487670412851,1.8702416770953052,0.0628350127840509,0.016306945183802823,"144"
"F_ij",0.10191924520759064,0.0032757726494270028,31.113039919122084,0,0.8210380012561054,"145"
"F_ij",0.1540193899462676,0.011173912895142059,13.783836637318755,0,0.4738077881838594,"146"
"F_ij",0.11205240198479975,0.006456997337441219,17.353639180716144,0,0.5880103537090056,"147"
"F_ij",0.010588714190564303,0.006663815427704799,1.5889867157097037,0.11356065296545537,0.011824752212005518,"148"
"F_ij",0.033793921022332786,0.004752907570115201,7.110157419180295,0.00000000001766320423257639,0.193284266705407,"149"
"F_ij",0.21242205071346115,0.005494468039203339,38.66107677719078,0,0.8762955880801772,"15"
"F_ij",0.07400684984177196,0.01806358471280158,4.097019003615802,0.0000596623658604134,0.07369020392894399,"150"
"F_ij",0.17643475008157605,0.005352795378607009,32.96123569130168,0,0.8373724390827086,"151"
"F_ij",0.1713065900335663,0.0018698777085853235,91.61379337645036,0,0.975476770906122,"152"
"F_ij",0.1506899233583296,0.004592655817423925,32.81106386997956,0,0.8361248942771522,"153"
"F_ij",0.13751608413387315,0.0025600922870180356,53.71528394941192,0,0.9318548468267801,"154"
"F_ij",0.11895532077500712,0.001488577718407334,79.91206592980603,0,0.9680154655073431,"155"
"F_ij",0.11962490653111177,0.003390333921254134,35.284107497842214,0,0.8550792565902006,"156"
"F_ij",0.09090914469319986,0.005398304540504021,16.840314215528117,0,0.5733893481095268,"157"
"F_ij",0.09886017544987394,0.0012505345209064946,79.05433540388123,0,0.9673404337563799,"158"
"F_ij",0.12034544069733291,0.005667107127361494,21.235780088978775,0,0.6812488306983553,"159"
"F_ij",0.06650603746987202,0.001815214343938667,36.6381180778721,0,0.8641646959254577,"16"
"F_ij",0.10227917577997211,0.0011222842972427095,91.13481854041555,0,0.9752247245190182,"160"
"F_ij",0.09817419932497713,0.0010685119689844943,91.87936324033988,0,0.9756148788882042,"161"
"F_ij",0.08906888188000323,0.0016435423631026558,54.19323765519513,0,0.932971336353403,"162"
"F_ij",0.13184693852804608,0.001508247655982339,87.41730047123637,0,0.9731305497935853,"163"
"F_ij",0.03657325802717682,0.004627639909756829,7.903220375912666,0.00000000000014876988529977098,0.22840886600845445,"164"
"F_ij",0.17935672431058525,0.0005949136544411073,301.4836236681813,0,0.9976839496976669,"165"
"F_ij",0.08945562960771598,0.0027991746378222093,31.95785943434866,0,0.828776124633622,"166"
"F_ij",0.11220160445599209,0.001976488380090999,56.768157903779965,0,0.9385488873409342,"167"
"F_ij",0.1529227590063117,0.0028985791765098875,52.75783399177057,0,0.9295348745093981,"168"
"F_ij",0.08752324699923296,0.002066318726281108,42.357089390925864,0,0.8947695489406078,"169"
"F_ij",0.10254647410441185,0.002297783179392049,44.628437976268835,0,0.9042083616657848,"17"
"F_ij",0.08142202161568399,0.0019896908793004837,40.921945445269145,0,0.8880996122036185,"170"
"F_ij",0.09865449659557851,0.001810517791812043,54.48965872731961,0,0.9336503631810517,"171"
"F_ij",0.08350233366058747,0.0018279153383693487,45.681729294464176,0,0.9081738499684819,"172"
"F_ij",0.11901622391007279,0.0011424796660707928,104.17360364880057,0,0.9809276565445672,"173"
"F_ij",0.16989206875535867,0.0029833271114165926,56.94718091932189,0,0.9389110783559642,"174"
"F_ij",0.07901624826888674,0.004048317458237294,19.518293484644794,0,0.6435592735032144,"175"
"F_ij",0.06470306276499564,0.0029791037934019187,21.71896894237091,0,0.6909392220748269,"176"
"F_ij",0.08768729023657422,0.000569673448390655,153.9255348556151,0,0.9911730513873465,"177"
"F_ij",0.08529232734157809,0.0023459041587537742,36.35797610201106,0,0.8623526218049471,"178"
"F_ij",0.11127785412297626,0.0017496513068092224,63.60001772347987,0,0.9504224926382931,"179"
"F_ij",0.0016190556526729514,0.0017903274373539772,0.9043349383428108,0.3668491893516954,0.0038609672888654245,"18"
"F_ij",0.10018248455121778,0.002798935890344151,35.79306153343139,0,0.858592665654979,"180"
"F_ij",0.08825602054186557,0.005326376041290061,16.56961879103259,0,0.5654432809968029,"181"
"F_ij",0.12351183494255909,0.0007696820731326283,160.47123774087962,0,0.9918727427565454,"182"
"F_ij",0.1108241181686829,0.004398427387855306,25.196305041816608,0,0.7505479043148738,"183"
"F_ij",0.17840622868974812,0.0053939841669771015,33.07503751716249,0,0.8383089856243731,"184"
"F_ij",0.10543163114694379,0.004219128329277684,24.9889604957794,0,0.7474409383231738,"185"
"F_ij",0.13334833947124072,0.0030093629344744156,44.31115235176178,0,0.9029652273389869,"186"
"F_ij",0.08493400301313278,0.0019031004569318806,44.629279922543205,0,0.9042116297112381,"187"
"F_ij",0.07469744408081297,0.0016183102162596942,46.15767936845681,0,0.9098880317459588,"188"
"F_ij",0.08196995575261491,0.0041458150869229105,19.771734636976852,0,0.6494559451508592,"189"
"F_ij",0.07626745722540919,0.001644985925796172,46.36359255687601,0,0.9106152905895264,"19"
"F_ij",0.08533197501725272,0.002317536653414621,36.82011884969585,0,0.8653238326958119,"190"
"F_ij",0.13728727491917178,0.0029314022588403732,46.833311431465205,0,0.9122427246653042,"191"
"F_ij",0.12835810923194302,0.0029219487248239757,43.9289396632638,0,0.9014364925817858,"192"
"F_ij",0.08876732015814909,0.0010775481975072482,82.37897883686264,0,0.9698454952670225,"193"
"F_ij",0.12086529378039487,0.0012215293084649164,98.9458811530974,0,0.9789027160583493,"194"
"F_ij",0.09593293019928337,0.0032671614715444487,29.362775924856283,0,0.80338670775675,"195"
"F_ij",0.1192059017690549,0.0012258331220921371,97.24480406077251,0,0.9781744125280633,"196"
"F_ij",0.11413740730789362,0.0015913828971943589,71.72215279498117,0,0.9605980668292906,"197"
"F_ij",0.07330352430246856,0.0032163386690982547,22.79098435956069,0,0.7111286528582161,"198"
"F_ij",0.07360914743114716,0.0020599752160433593,35.73302574607179,0,0.8581845458039503,"199"
"F_ij",0.1467104888123135,0.004714940959837658,31.116081847473428,0,0.8210667297010282,"2"
"F_ij",0.12540851527013477,0.0042644441780736305,29.407939237414364,0,0.803871792085018,"20"
"F_ij",0.08361503715932855,0.007466655246581035,11.198459604468239,0,0.37278076143239336,"200"
"F_ij",0.13559102054064817,0.0018204001205590502,74.48418565200258,0,0.9633610198042603,"201"
"F_ij",0.1256684246028662,0.001993400853346402,63.04222474466266,0,0.9495857200663583,"202"
"F_ij",0.13063375114140935,0.0031642964007214855,41.283664549131295,0,0.8898368465144423,"203"
"F_ij",0.1480293152907345,0.0011105526448704577,133.29337962902392,0,0.9882635147225408,"204"
"F_ij",0.09583028821614899,0.002968751666591654,32.27965790960523,0,0.8316009668225663,"205"
"F_ij",0.10189089944565484,0.0012449050727086053,81.84632039771952,0,0.9694637494126627,"206"
"F_ij",0.10291360743149194,0.0014732126035746844,69.85658905020001,0,0.9585538477641409,"207"
"F_ij",0.10264006338213558,0.002343640209883074,43.79514524000096,0,0.9008931242314402,"208"
"F_ij",0.14128490415942574,0.0036014738133498514,39.2297463432094,0,0.8794267110276823,"209"
"F_ij",0.006706586837299565,0.0014752749741178475,4.545991055877446,0.00000920703801354783,0.0892061484483645,"21"
"F_ij",0.097486501602699,0.001148052816492838,84.91464870101397,0,0.9715690804746685,"210"
"F_ij",0.24567256738689505,0.01676043154445073,14.657890325517045,0,0.5045247327348801,"211"
"F_ij",0.14427359632747236,0.0014809589878824205,97.41903557624165,0,0.9782507153261556,"212"
"F_ij",0.09678208589547474,0.001959494440472773,49.39135518655713,0,0.9203925580195101,"213"
"F_ij",0.12177362260070067,0.0016500189741733191,73.80134683706339,0,0.962705289671763,"214"
"F_ij",0.2574751699838457,0.0011204213648838676,229.8020887976669,0,0.9960203696730058,"215"
"F_ij",0.13156527368925602,0.0005946181563686419,221.26010159651145,0,0.9957085065129982,"216"
"F_ij",0.1135499765159103,0.004853887631163228,23.39361459191798,0,0.7217317739885556,"217"
"F_ij",0.1631558115144114,0.0032674430434970216,49.93378900334001,0,0.9219785149426152,"218"
"F_ij",0.17471658298977158,0.0024598399739410542,71.02762165046366,0,0.9598548155097155,"219"
"F_ij",0.11823903062117332,0.0012588424450399058,93.92679051064654,0,0.976641830190178,"22"
"F_ij",0.0720482255391783,0.0022485943784505877,32.04145053000787,0,0.8295162413068993,"220"
"F_ij",82.78393643970921,2.4517047381978383,33.76586713315273,0,0.8438348573507785,"221"
"F_ij",0.10948012743383471,0.0003578394991656837,305.9475761873459,0,0.9977508907814888,"222"
"F_ij",0.08710580816809886,0.000649494622950599,134.11320908614232,0,0.9884049069266709,"223"
"F_ij",0.10368582243111325,0.004935161436896489,21.00961108504625,0,0.6765806489762429,"224"
"F_ij",0.09700539256600436,0.0005670369823729344,171.07419018783665,0,0.9928419686420427,"225"
"F_ij",0.036956193413155695,0.004186059444837599,8.828396705816354,0.0000000000000004440892098500626,0.2697460707342557,"226"
"F_ij",0.039642365641876204,0.0057567641114161724,6.886223731707521,0.00000000006459521806334578,0.18349997330577406,"227"
"F_ij",0.06975603779774597,0.0004659576231982088,149.70468198150542,0,0.9906729991639119,"228"
"F_ij",0.08120638700075773,0.0014912592028696148,54.45491088637919,0,0.9335712870622684,"229"
"F_ij",0.07877314641133905,0.004513423319056941,17.453081805718664,0,0.5907760252942136,"23"
"F_ij",0.033318091867483544,0.0044525822906219155,7.482869421112896,0.000000000001936895088761048,0.20971809959579313,"230"
"F_ij",0.06226908076812153,0.0018196856125747027,34.219691763137035,0,0.8473213181237647,"231"
"F_ij",0.3812139543791056,0.0059767021652492635,63.78332796899655,0,0.950693019274532,"232"
"F_ij",0.12718992531973106,0.0010094944789652044,125.99368096605022,0,0.9868825208115317,"233"
"F_ij",0.09244888169119254,0.002800775384863521,33.00831697922734,0,0.8377608212726695,"234"
"F_ij",0.12215394518324388,0.0011136276175809272,109.69011836164073,0,0.9827655523036707,"235"
"F_ij",0.05702711181877459,0.002788194813749285,20.453058565907828,0,0.6647215243316245,"236"
"F_ij",0.09866712996113246,0.0034399968692889436,28.682331324774495,0,0.7958741680972681,"237"
"F_ij",0.06200424348832807,0.0017196002806057287,36.0573583219509,0,0.860369677883483,"238"
"F_ij",0.06169898939312691,0.0022433268199156453,27.50334407157266,0,0.7818972517498293,"239"
"F_ij",0.08093216592039032,0.003801363672281039,21.290298139726875,0,0.6823613264428329,"24"
"F_ij",0.0511613698139321,0.003794111365293466,13.484414369575282,0,0.4628712020844832,"240"
"F_ij",0.1557109081677405,0.0021324990776187486,73.0180424469936,0,0.9619314607282188,"241"
"F_ij",0.10177588997636818,0.001961689142510134,51.88176239082305,0,0.927309489536044,"242"
"F_ij",0.12305964162285889,0.003327804731135721,36.97922551509229,0,0.8663256699715416,"243"
"F_ij",0.09176392526588227,0.0017946777260524041,51.13114401198223,0,0.9253201470782191,"244"
"F_ij",0.087169772053081,0.002641448527735285,33.00074604437524,0,0.8376984551111852,"245"
"F_ij",0.1329152286988962,0.002613248403370108,50.86207209673811,0,0.9245876547128755,"246"
"F_ij",0.16865199454708385,0.0005926997476982381,284.548787479744,0,0.9974008060258942,"247"
"F_ij",0.10645646974988017,0.0017776505000123347,59.88605170090605,0,0.944434776685527,"248"
"F_ij",0.07607371230214875,0.001429253142727557,53.2261990741341,0,0.9306839551306163,"249"
"F_ij",0.1251488872365286,0.005979680440239365,20.929025971748903,0,0.6748965240950309,"25"
"F_ij",0.06771614762753064,0.0027562522456221652,24.568196809666514,0,0.7409759884372198,"250"
"F_ij",0.12195621189383023,0.0027260676605568644,44.73704510654653,0,0.9046285959376656,"251"
"F_ij",0.13018746263359066,0.0025670169994750722,50.715465717684225,0,0.924184129507843,"252"
"F_ij",0.09261250084436447,0.003388778287272428,27.32917086732952,0,0.7797227091679884,"253"
"F_ij",0.09767861598694659,0.002505680046737596,38.98287657042425,0,0.8780815231389422,"254"
"F_ij",0.12603288040146907,0.0044405527304955655,28.382250600457073,0,0.7924356363055056,"255"
"F_ij",0.1199117464090029,0.0017465729980875911,68.65544500018046,0,0.9571536206190061,"256"
"F_ij",0.09683715180329959,0.0032413996283452012,29.875104247092445,0,0.8087939996129078,"257"
"F_ij",0.05802262576343169,0.0020202212189342054,28.720926807234655,0,0.7963107408811656,"258"
"F_ij",0.09600971021547428,0.0009937069445173827,96.61773095699121,0,0.9778964685857917,"259"
"F_ij",0.04423924052890379,0.004501721325119409,9.827183278105366,0,0.3139851820490095,"26"
"F_ij",0.07386754664150942,0.0012664187331216958,58.32790111958266,0,0.9416021068804401,"260"
"F_ij",0.08432222087728611,0.001155685182877546,72.9629678796537,0,0.9618761603819749,"261"
"F_ij",1.5074374935983228,0.0662131311181941,22.7664432740307,0,0.7106858150404921,"262"
"F_ij",0.03305298147337714,0.002852517415079495,11.587302254018319,0,0.38887622694265633,"263"
"F_ij",0.09447111050930895,0.00124396492700335,75.94354829350792,0,0.964706408917627,"264"
"F_ij",0.09822109112983582,0.0027501332693688754,35.715029603774965,0,0.8580618838232722,"265"
"F_ij",0.10454736023627732,0.0015258134325966937,68.51909807764257,0,0.9569902713337176,"266"
"F_ij",0.10992082624481753,0.0023640545429822694,46.49673865229511,0,0.9110810202653337,"267"
"F_ij",0.1132803527350268,0.002508569588106403,45.157349141164,0,0.9062299814394128,"268"
"F_ij",0.13895152025836566,0.0015293429372491096,90.85700589058418,0,0.9750767645085037,"269"
"F_ij",0.15881941523316992,0.002579644817237393,61.56638858649295,0,0.9472687222873871,"27"
"F_ij",0.17981689982464444,0.0006615428052004754,271.8144591870398,0,0.9971522698924131,"270"
"F_ij",0.09448893620779798,0.0002794667528814033,338.10439071403977,0,0.9981576168240726,"271"
"F_ij",0.028774264909847087,0.005515613000740999,5.21687524233143,0.0000004336896350931596,0.11424846188072468,"272"
"F_ij",0.09805709944024388,0.006774735778301619,14.47393708759903,0,0.49821026920188816,"273"
"F_ij",0.032141899366335054,0.006884559666782225,4.6686935580526185,0.00000538798064764201,0.09362976185730265,"274"
"F_ij",0.016776907012445583,0.0062205874763267,2.696997201034855,0.0075621045077913784,0.03332417406755073,"275"
"F_ij",0.006334515685755618,0.004739690073242213,1.3364831007657965,0.18283080373094296,0.008394281147462657,"276"
"F_ij",0.023364416571254362,0.010053692825600898,2.323963639684595,0.02107900325217993,0.024957425406508027,"277"
"F_ij",0.024743769795569977,0.00816200137694703,3.031581183685772,0.0027373714007252747,0.04173879037172856,"278"
"F_ij",0.0980815397891571,0.0006872832633983663,142.70904736451675,0,0.9897457690385423,"279"
"F_ij",0.22568361371437243,0.011145910478298285,20.248109309131014,0,0.6602177447112327,"28"
"F_ij",0.09518267275011016,0.002418240676586613,39.360297621187186,0,0.8801295075456935,"280"
"F_ij",0.14739902843426247,0.0045643250814310105,32.293718305456416,0,0.8317229031726541,"281"
"F_ij",0.1289464667418205,0.002425789111859646,53.156503222560936,0,0.930514707672596,"282"
"F_ij",0.062115821221410385,0.0027023046330035307,22.986239398320727,0,0.7146208277545371,"283"
"F_ij",0.15549029065379236,0.0019475461431462265,79.839079141201,0,0.9679588345218916,"284"
"F_ij",0.13113585622946283,0.0017743504437701622,73.90640146082062,0,0.9628072992491201,"285"
"F_ij",0.2414959459015181,0.004237827471772682,56.98578989118224,0,0.9389887794931845,"286"
"F_ij",0.05573049244413272,0.001350638062376786,41.26234407022483,0,0.8897355294647856,"287"
"F_ij",0.04263770810370452,0.006454525616965252,6.605862403215877,0.00000000031620017715283666,0.17137080016559048,"288"
"F_ij",0.027675037230179684,0.004701124011694275,5.886897933629634,0.000000015320182900069312,0.1410738118600673,"289"
"F_ij",0.1610979111103383,0.004011242463165852,40.16159895335587,0,0.8843172599348389,"29"
"F_ij",0.05904724086829677,0.006534565626252649,9.036138627344133,0,0.27900665887563303,"290"
"F_ij",0.08343177180661272,0.0036929697663525703,22.59205384424678,0,0.7075135324806044,"291"
"F_ij",0.11826942413741999,0.0020405411521063677,57.95983286851886,0,0.9409020237738595,"292"
"F_ij",0.1418565526236328,0.0019000290990580377,74.66020004323086,0,0.9635272784278083,"293"
"F_ij",0.10541575123214689,0.004454283534555181,23.666152011734034,0,0.7263602315631412,"294"
"F_ij",0.06907710375331683,0.0023013486634654275,30.01592277169285,0,0.8102442253665887,"295"
"F_ij",0.13522230966214227,0.009487819059741904,14.25220156610161,0,0.49049230814942524,"296"
"F_ij",0.22271259131065185,0.004231271988065162,52.634903154143935,0,0.929228663574329,"297"
"F_ij",0.1154662684695717,0.0042352295140766685,27.263284808012287,0,0.7788924436161361,"298"
"F_ij",0.1790775299960349,0.0077195364015523555,23.197964318171156,0,0.7183457868494723,"299"
"F_ij",0.0894274706410202,0.003399612837400915,26.305192655228833,0,0.7663249075930303,"3"
"F_ij",0.251303356196231,0.012819439882179555,19.6033023678024,0,0.6455505886494064,"30"
"F_ij",0.12903763246331174,0.004670501057346465,27.628220372703264,0,0.78343838611519,"300"
"F_ij",0.19636900209895036,0.006938180822582823,28.302664217080693,0,0.7915103821625739,"301"
"F_ij",0.15779763488505333,0.004548285938578215,34.69386863887026,0,0.8508480301525608,"302"
"F_ij",0.17782388495992874,0.0027863599797113363,63.819422563753264,0,0.9507460306894367,"303"
"F_ij",0.13422823702495404,0.005021924118792432,26.728447871735355,0,0.7719929361511,"304"
"F_ij",0.12108820067914113,0.004658488065684189,25.993025842679064,0,0.7620222181076651,"305"
"F_ij",0.12462694034326093,0.005343953824793066,23.32111100306651,0,0.7204832343560787,"306"
"F_ij",0.1146452110261775,0.004479317772661156,25.594346470772255,0,0.7563708928573998,"307"
"F_ij",0.11651352074529527,0.0044382204392141855,26.252305927806667,0,0.7656033637516598,"308"
"F_ij",0.002002067769889743,0.000252255701145524,7.936660146026861,0.00000000000012101430968414206,0.22990051552155055,"309"
"F_ij",0.10129137667073541,0.0025825515628754036,39.22143438559576,0,0.8793817657132378,"31"
"F_ij",0.1115615642580608,0.004692293598202982,23.775486747203068,0,0.7281886775822064,"310"
"F_ij",0.11955507598794657,0.004958671617370665,24.110303164487558,0,0.7336889931331123,"311"
"F_ij",0.1262755545210896,0.004017206698912271,31.43367120125557,0,0.8240311244683419,"312"
"F_ij",0.09162646599172114,0.004421534480934143,20.722775404515925,0,0.6705356196956961,"313"
"F_ij",0.1570712773886603,0.005650231070192512,27.799089176596922,0,0.7855231934973365,"314"
"F_ij",0.11597446772755099,0.00017887710480843873,648.3471870351949,0,0.9994982940510886,"315"
"F_ij",0.08583754051854395,0.00013193841209532172,650.5879459617021,0,0.9995017423378912,"316"
"F_ij",0.1985560807606621,0.007124626670675046,27.868980360461368,0,0.78636806877793,"317"
"F_ij",0.08347046026537921,0.003694012276067761,22.59615129222924,0,0.7075885834294455,"318"
"F_ij",0.14723392789708378,0.00469368499320641,31.368514953642734,0,0.8234285583704808,"319"
"F_ij",0.10012723843819,0.009931327547638329,10.081959129623137,0,0.32511509003221617,"32"
"F_ij",0.11612986415814246,0.0037778193623882964,30.73991978396935,0,0.8174649956422412,"320"
"F_ij",0.10929863111898346,0.005469601495408514,19.98292402302705,0,0.6542781657699961,"321"
"F_ij",0.0797907674556656,0.0025183341464143725,31.68394772761686,0,0.8263192290331596,"322"
"F_ij",0.1150064252052301,0.002141976132847416,53.69173981053999,0,0.9317991464901733,"323"
"F_ij",0.1197544170792324,0.004081054138491945,29.343991286399536,0,0.803184461352113,"324"
"F_ij",0.1477260781437112,0.00019755912591820477,747.7562854012327,0,0.9996227767487473,"325"
"F_ij",0.1813047898290626,0.001517804379871184,119.45201386521886,0,0.9854279590366116,"326"
"F_ij",0.15030573603355096,0.002740726743130185,54.84156215511172,0,0.9344434845497089,"327"
"F_ij",0.11152044550281587,0.0011085236017443713,100.60268029235232,0,0.979577810987038,"328"
"F_ij",0.1008631777802017,0.0008417414236453499,119.82679591006831,0,0.9855176523182115,"329"
"F_ij",0.08096386318563961,0.0016651654281632055,48.62211394512823,0,0.9180617515720179,"33"
"F_ij",0.16817410712316638,0.0015319330636590891,109.77901783872669,0,0.9827929739416009,"330"
"F_ij",0.07487993920240049,0.001969889486291238,38.012253846472824,0,0.8725792659127927,"331"
"F_ij",0.14597088618821064,0.0015585737962461477,93.65670495666235,0,0.9765100853011915,"332"
"F_ij",0.11674922638693794,0.004502189645093919,25.93165450375036,0,0.7611638105740149,"333"
"F_ij",0.16862780793123144,0.003599370773335373,46.84924631284144,0,0.9122971776662864,"334"
"F_ij",0.125545440517033,0.0031348892779717295,40.04780691912053,0,0.8837354641985328,"335"
"F_ij",0.1073510545447504,0.003662527817246287,29.310645516260816,0,0.8028247348262206,"336"
"F_ij",0.10518132386275339,0.0014099852088501022,74.59746613124605,0,0.9634681499908402,"337"
"F_ij",0.13227085545843534,0.004365498610920542,30.299140429813058,0,0.813115221389512,"338"
"F_ij",0.15955493136754645,0.003804505332244412,41.93841706969546,0,0.8928842024494708,"339"
"F_ij",0.139329966393353,0.0029225990943859553,47.67330786524675,0,0.9150476152235381,"34"
"F_ij",0.18799634294112388,0.004385350323504149,42.869173286686,0,0.8970111774029036,"340"
"F_ij",0.12805060704073862,0.001965926459317481,65.13499344486898,0,0.9526222503400384,"341"
"F_ij",0.16147303084621373,0.0038145036211705333,42.331335052360885,0,0.8946549587272228,"342"
"F_ij",0.09694614531467209,0.0007425710751355721,130.55470184719022,0,0.9877720361027835,"343"
"F_ij",0.11097490217739671,0.004919131887138106,22.559855015792355,0,0.7069228944578316,"344"
"F_ij",0.08091251071536541,0.01448117493885776,5.58742719820686,0.00000007064943607915097,0.128888726836896,"345"
"F_ij",0.11782520398012229,0.0024294505665078277,48.498704029812025,0,0.917678592251051,"346"
"F_ij",0.1507178378642429,0.0016954607795031528,88.89491263160336,0,0.9739933372145588,"347"
"F_ij",0.13213519824193115,0.008011477766939478,16.49323658953485,0,0.5631712841576806,"348"
"F_ij",0.15556001919302245,0.006214355213002351,25.032366812174306,0,0.7480956112434545,"349"
"F_ij",0.4317013075732225,0.0032122811664610064,134.39088460890582,0,0.9884522197434306,"35"
"F_ij",0.09789371823160345,0.007201968583735291,13.592633332597934,0,0.46684816524902617,"350"
"F_ij",0.10594501665805706,0.005680071168806457,18.652057960097547,0,0.6224722185543822,"351"
"F_ij",0.06902547245731853,0.003347320561644098,20.621112076405197,0,0.6683590640339729,"352"
"F_ij",0.07651015204570466,0.003479395155444279,21.989497779804545,0,0.6962009333259058,"353"
"F_ij",0.07660285921297319,0.01201967929875102,6.373120056616909,0.0000000011457155224547932,0.16142277453385956,"354"
"F_ij",0.1303854925692691,0.00606890611889756,21.484183478019283,0,0.6862780734084881,"355"
"F_ij",0.14787895976948465,0.0028215651953060077,52.41025797153225,0,0.9286640431372509,"356"
"F_ij",0.12487648925321275,0.0036335545636851097,34.36758333045766,0,0.8484337804833391,"357"
"F_ij",0.10195606445737472,0.0013615454267668576,74.8826021174195,0,0.9637357604631647,"358"
"F_ij",0.14553310592664528,0.002846077787598399,51.13461991825959,0,0.9253295414586178,"359"
"F_ij",2.4911175017376532,0.050494380325702026,49.33454942251574,0,0.920223759627028,"36"
"F_ij",0.2091376981391122,0.0055426721635834135,37.73228723740749,0,0.870926342080951,"360"
"F_ij",0.14351336026109077,0.005572521766168003,25.75375499336615,0,0.7586518994003411,"361"
"F_ij",0.1444213916312357,0.005773812810175022,25.01317524127663,0,0.7478064346066322,"362"
"F_ij",0.11649855642427813,0.005337004016459738,21.828455827461898,0,0.6930826429968704,"363"
"F_ij",0.07839117152853091,0.0050525771022327665,15.515086646355053,0,0.5328943271301547,"364"
"F_ij",0.13703056964394422,0.008313629828558653,16.482640250979447,0,0.562855051755847,"365"
"F_ij",0.1543130360172559,0.0039280081771262045,39.28531435241407,0,0.8797265693865451,"366"
"F_ij",0.15817934309988835,0.0040955245268862765,38.62248707374928,0,0.8760789142174578,"367"
"F_ij",0.13877749360726324,0.008882471474920224,15.62374773722644,0,0.5363671552826135,"368"
"F_ij",0.06734396125733813,0.004228392943684236,15.926609034273136,0,0.5459014786989176,"369"
"F_ij",0.1913187073779582,0.0023151731184765734,82.63689045588497,0,0.970027794593508,"37"
"F_ij",0.09583324464948621,0.004399092294174481,21.784777004200127,0,0.6922298281923378,"370"
"F_ij",0.14135129040274358,0.00046852144294318464,301.6965232472499,0,0.9976872097428776,"371"
"F_ij",0.049046881789505385,0.010673225425869369,4.5953195807733405,0.000007432323410272446,0.0909755231284699,"372"
"F_ij",0.12064021868481016,0.0004118372638980073,292.9317700466441,0,0.9975470826985051,"373"
"F_ij",0.15698765043702437,0.00048822079802531395,321.55051786401907,0,0.9979634332124272,"374"
"F_ij",0.12063331679202503,0.0003724456900120655,323.8950537677509,0,0.9979927511843993,"375"
"F_ij",0.11075608194126571,0.0004236555372084743,261.4295629677191,0,0.9969222428606985,"376"
"F_ij",0.1054292383115579,0.0009167898618913695,114.99825935471593,0,0.9842954534651134,"377"
"F_ij",0.07310594797108713,0.0007665495873728627,95.37014848789835,0,0.9773275894818243,"378"
"F_ij",0.10693279102895045,0.0006640197035727828,161.0385813155763,0,0.9919294456601717,"379"
"F_ij",0.07530602435992859,0.0018512211652552538,40.67910726892812,0,0.8869111603051045,"38"
"F_ij",0.1642446677993199,0.0005437095598708328,302.0816257825942,0,0.9976930892153685,"380"
"F_ij",0.1555081411655268,0.0007704552879399258,201.8392807470122,0,0.9948473868327018,"381"
"F_ij",0.13391432771379425,0.0007776770962896177,172.19785480723826,0,0.9929344243725604,"382"
"F_ij",0.07630202249043254,0.0018621946138299705,40.97424722623506,0,0.8883532275321119,"383"
"F_ij",0.22045101836369047,0.000775791215321076,284.16281856511176,0,0.9973937588476854,"384"
"F_ij",0.13500581561088135,0.0010274331098096255,131.4010754781854,0,0.9879271573677514,"385"
"F_ij",0.11776002480194625,0.0020895471199106194,56.35672135835034,0,0.9377044541707843,"386"
"F_ij",0.06438986093000752,0.0011355421134304257,56.70407126996675,0,0.9384184641387334,"387"
"F_ij",0.03944262304006922,0.002137363675613978,18.453866082822312,0,0.6174384072690863,"388"
"F_ij",0.015093888570230852,0.0015622415425162622,9.661686851522022,0,0.30671512110157706,"389"
"F_ij",0.09995535294764055,0.0027011219785348637,37.00512370117328,0,0.8664877374672691,"39"
"F_ij",0.1034917890152461,0.0022903490828433395,45.18603290235865,0,0.9063378458392457,"390"
"F_ij",0.05703921826216183,0.004035484335778573,14.13441696612537,0,0.48634523415459596,"391"
"F_ij",0.04596322771255211,0.003272131112535157,14.046878359021825,0,0.4832418410411893,"392"
"F_ij",0.10331257646198178,0.0021006317136766147,49.18167034675475,0,0.919766881284798,"393"
"F_ij",0.09639314321632428,0.006525319553463093,14.772172063997521,0,0.508407246629987,"394"
"F_ij",0.06743634971081049,0.0008266934492921949,81.57358664030626,0,0.9692655039726666,"395"
"F_ij",0.0892859545626362,0.00393855122424038,22.66974567021319,0,0.7089323430569625,"396"
"F_ij",0.10473863339469242,0.0034249607637852476,30.58097321936496,0,0.8159127983637147,"397"
"F_ij",0.1284027204776998,0.0012835772385799465,100.03505563853324,0,0.9793501913448344,"398"
"F_ij",0.05208812054006178,0.002757406686203179,18.890256849193584,0,0.628417635726368,"399"
"F_ij",0.07322298742772891,0.003325893947242944,22.01603195689037,0,0.6967108201309296,"4"
"F_ij",0.15069870201286592,0.0046594964024573825,32.3422724252751,0,0.8321430319454981,"40"
"F_ij",0.09559169254416694,0.0007134519644563819,133.9847632447175,0,0.9883829231540557,"400"
"F_ij",0.08901351155481674,0.0032573348526014055,27.327098865419952,0,0.7796966633209704,"401"
"F_ij",0.11888293843584163,0.0011630285304109669,102.21841969245007,0,0.980205646121195,"402"
"F_ij",0.0022358220238904635,0.002474746070647005,0.9034551263297586,0.3673146723147387,0.003853487340413242,"403"
"F_ij",0.001071470791670387,0.0006556107629751114,1.6343093374613538,0.10368499818066912,0.012500374046517826,"404"
"F_ij",0.019682839834430095,0.005039619193169503,3.905620460591035,0.00012651190281998126,0.06741927155759009,"405"
"F_ij",0.09507298277524849,0.005743248249570682,16.553869629848467,0,0.5649759002402568,"406"
"F_ij",0.0442075019053878,0.003906676483695123,11.315885021422153,0,0.3776715399785645,"407"
"F_ij",0.017703052879194284,0.0033946872617651794,5.214928950476869,0.0000004377415463441281,0.11417296208376437,"408"
"F_ij",0.005559469789567495,0.004103107893249779,1.3549411651381742,0.17688517199701748,0.008625733995288987,"409"
"F_ij",0.008224985256557887,0.002809681806792448,2.9273725005706557,0.00379320939279304,0.03902868739187748,"41"
"F_ij",0.0000037359413041523855,0.00006464687049872443,0.05778997924154891,0.9539706109469097,0.000015827624844644284,"410"
"F_ij",0.0763631413741234,0.0050411735870366965,15.14788968395972,0,0.5209538007374988,"411"
"F_ij",0.27015750050082554,0.017347869567962745,15.572949718260512,0,0.5347470760772197,"412"
"F_ij",0.11898817955328399,0.0002956925077339427,402.40512167574707,0,0.9986986625614634,"413"
"F_ij",0.11432138913423007,0.0017577137041126683,65.03982353141063,0,0.952490089486112,"414"
"F_ij",0.04135538051939738,0.0032029942637324827,12.91147504935133,0,0.44136472546242667,"415"
"F_ij",0.023326887535381657,0.0040975808917008685,5.69284369287921,0.000000041506119652368056,0.13314437826759828,"416"
"F_ij",0.1073516138454719,0.00459331630948239,23.371265249871087,0,0.7213476880748441,"417"
"F_ij",0.05539587834872599,0.0015976426917050607,34.673509062032856,0,0.850698979686562,"418"
"F_ij",0.04923911742769073,0.0022573134753087285,21.813149997235712,0,0.6927841458168005,"419"
"F_ij",0.2367191054469123,0.004608352458174019,51.367404640900276,0,0.9259547865209079,"42"
"F_ij",0.0023895026678672554,0.009541974904661008,0.25042013752310804,0.8025061232065043,0.0002971166493770383,"420"
"F_ij",0.1082823721468694,0.0029381709463490438,36.85366648983461,0,0.8655359565063926,"421"
"F_ij",0.056759310642575465,0.002017594256371561,28.13217298935582,0,0.789509210289054,"422"
"F_ij",0.03968035698550053,0.001739156999414082,22.81585676213749,0,0.7115765726739001,"423"
"F_ij",0.12444164904518554,0.0028037808816832204,44.38351436738462,0,0.9032507894140798,"424"
"F_ij",0.1323385976719969,0.004035584359760988,32.79292064652436,0,0.8359732626333913,"425"
"F_ij",0.12060212065200779,0.007944721917326834,15.180156323531442,0,0.5220157571498871,"426"
"F_ij",0.1220990217695032,0.0024653541849158776,49.525955546898196,0,0.9207904519115425,"427"
"F_ij",0.11073199796380534,0.0019380906875217762,57.13458027363911,0,0.9392868698409027,"428"
"F_ij",0.11783965367875135,0.0032552993369012284,36.199329610936736,0,0.8613111714152536,"429"
"F_ij",0.1205816034103358,0.0007213350703446192,167.16448203846198,0,0.9925057620536679,"43"
"F_ij",0.21601884465464496,0.005884079223940124,36.7124296654173,0,0.8646396826466173,"430"
"F_ij",0.11117482563851772,0.001980982577832344,56.121051685456436,0,0.9372130779431315,"431"
"F_ij",0.11313669910684403,0.00020510552748218637,551.6023897340849,0,0.9993070065820506,"432"
"F_ij",0.11755538484606348,0.0040308563402234165,29.163873609930686,0,0.8012305850158443,"433"
"F_ij",0.12349765473962657,0.003055964624410209,40.41200403733771,0,0.8855829079539406,"434"
"F_ij",0.1311484262859598,0.005091724613596038,25.75717192869471,0,0.7587004790092087,"435"
"F_ij",0.09448114951737051,0.002562396685304303,36.87217910452073,0,0.8656528094951234,"436"
"F_ij",0.11334198346927803,0.002622545383126374,43.21831156803907,0,0.8985002304965473,"437"
"F_ij",0.13400867485545293,0.002213762699929778,60.5343449231048,0,0.9455541044816114,"438"
"F_ij",0.1366209644970615,0.006660248229382687,20.512893782897994,0,0.6660223543273858,"439"
"F_ij",0.09445552097404938,0.004623429958388575,20.429750601644322,0,0.664213093300534,"44"
"F_ij",0.12476463740430535,0.004042195861312109,30.86555963268103,0,0.8186791063863957,"440"
"F_ij",0.09946776514917934,0.002832008267719636,35.122695891446625,0,0.8539391874323596,"441"
"F_ij",0.07889873424198432,0.0048255123645719765,16.350333038465365,0,0.5588850701113812,"442"
"F_ij",0.10067973409862753,0.0029886860341975996,33.68695572121478,0,0.8432172108623699,"443"
"F_ij",0.06322631081215063,0.0032782336736306,19.286700432836547,0,0.6380645077424143,"444"
"F_ij",0.06801033570124558,0.0015447928146616636,44.025538606703726,0,0.9018261293580087,"445"
"F_ij",0.15160858154377518,0.004960656039676841,30.56220393656877,0,0.8157282987479989,"446"
"F_ij",0.1351805078011899,0.00015387948132555284,878.4829961520163,0,0.9997266638888779,"447"
"F_ij",0.17152825509423617,0.002681498546412226,63.96731235366002,0,0.9509623584827468,"448"
"F_ij",0.13653754033980006,0.0025244601238034203,54.08583762221956,0,0.9327227971022148,"449"
"F_ij",0.10571955854453113,0.0012481206415402557,84.70299667031134,0,0.9714308834377376,"45"
"F_ij",0.18120576584453782,0.004427224546625142,40.9298791909415,0,0.8881381367758145,"450"
"F_ij",0.09650397134035772,0.0023251663128240336,41.50411555857641,0,0.8908766468088122,"451"
"F_ij",0.16281600502386293,0.0025451042443348625,63.972234295029146,0,0.9509695340193377,"452"
"F_ij",0.09559472937982708,0.0011949666684720034,79.99782077776568,0,0.968081813804298,"453"
"F_ij",0.06995180216419455,0.0013714843015058965,51.00444976831826,0,0.9249765479578447,"454"
"F_ij",0.02069621996182233,0.002210379246932279,9.363198641385187,0,0.2935334611876609,"455"
"F_ij",0.06973298626960903,0.0017458275691035138,39.942653847205,0,0.8831940997268575,"456"
"F_ij",0.09661650004744156,0.001129933830664837,85.50633446437637,0,0.9719501923871993,"457"
"F_ij",0.04330908043269208,0.002942404726076285,14.718940616454558,0,0.5066026536602523,"458"
"F_ij",0.08253265776295676,0.003877855049029025,21.283069304929818,0,0.6822140979561813,"459"
"F_ij",0.008439714907911738,0.001470919569249976,5.737713389872949,0.00000003302928486270673,0.13496708786257128,"46"
"F_ij",0.09723533621978615,0.0012392680957556362,78.46190550116397,0,0.9668617822670966,"460"
"F_ij",0.09131899157629668,0.0023711453632540686,38.512607869377526,0,0.8754589841754203,"461"
"F_ij",0.13512782315724003,0.006410772149565309,21.0782445553618,0,0.6780063341471959,"462"
"F_ij",0.1500379436531853,0.0014703267111381413,102.04394881532477,0,0.980139246453635,"463"
"F_ij",0.13972590833348808,0.003939331181766695,35.469449479194175,0,0.8563728763491169,"464"
"F_ij",0.11406447389463364,0.0034350606839027493,33.20595599057631,0,0.8393770586497908,"465"
"F_ij",0.09816570271616179,0.0039649667295357195,24.758266440146542,0,0.7439232617181295,"466"
"F_ij",0.09778664827250837,0.0037145327840759457,26.325423399603803,0,0.76660012816762,"467"
"F_ij",0.10909194132004432,0.0016817169996339275,64.86938131908711,0,0.952252036464773,"468"
"F_ij",0.22697948779948215,0.002110960886265106,107.52425081692246,0,0.9820768200444582,"469"
"F_ij",0.06036000430755051,0.003246990495171759,18.589522943570426,0,0.6208924981910711,"47"
"F_ij",0.09686820538402248,0.001969654764865225,49.180296523005524,0,0.9197627583598134,"470"
"F_ij",0.12332368940271442,0.004712998054892632,26.16671765325477,0,0.764429295352621,"471"
"F_ij",0.05209370646448507,0.0021395577087172904,24.347885664517243,0,0.7375032697479187,"472"
"F_ij",0.1245788172281226,0.006529534678054432,19.07927951540379,0,0.633055543922288,"473"
"F_ij",0.11288280377204973,0.0032832046753895117,34.38189663233761,0,0.8485408398711378,"474"
"F_ij",0.07414804014135173,0.00234617790116886,31.60375865121369,0,0.8255906551458121,"475"
"F_ij",0.1036018028944545,0.0032023844164269706,32.35145735877869,0,0.8322223421834847,"476"
"F_ij",0.5230639981643723,0.009864629871169728,53.02418894530185,0,0.9301917321895927,"477"
"F_ij",0.10415168349507636,0.0010894270958011106,95.60225176746535,0,0.9774350629468722,"478"
"F_ij",0.12166537109976913,0.0022658657935836638,53.69487082787228,0,0.931806557639695,"479"
"F_ij",0.08854029111407917,0.001295130823526131,68.3639749017932,0,0.9568033059557807,"48"
"F_ij",0.10200643505967318,0.008960381470161913,11.384162091687145,0,0.3805034388671499,"480"
"F_ij",0.12080311521291374,0.0005034126729060541,239.96836336191677,0,0.9963492166606458,"481"
"F_ij",0.6682249851730477,0.04879940580662787,13.693301672994762,0,0.47052307972253293,"482"
"F_ij",0.07494607545350784,0.002851522710015868,26.28282608104874,0,0.7660201217735756,"483"
"F_ij",0.09506707479968661,0.0030824330933643973,30.841569604329454,0,0.8184481488274903,"484"
"F_ij",0.08468946389346828,0.0018094867952782008,46.803029518901596,0,0.9121391093357666,"485"
"F_ij",0.0005804509175555501,0.00011205108673581848,5.180234609630091,0.0000005164543102065267,0.11282969168936152,"486"
"F_ij",0.12722922291358968,0.0005337076729850505,238.38747193194925,0,0.9963008147160037,"487"
"F_ij",0.11832832373400334,0.0024591778443992475,48.11702577895897,0,0.9164769310785419,"488"
"F_ij",0.1357578154200958,0.0037980863346850236,35.74374131001797,0,0.8582575118965561,"489"
"F_ij",0.2331482386955816,0.012170116342254523,19.157437130333193,0,0.6349527688604825,"49"
"F_ij",0.12255314348736299,0.008414360592014688,14.564760108292381,0,0.5013379233642197,"490"
"F_ij",0.12284508362327269,0.001595400581147066,76.99952292542676,0,0.965634767949828,"491"
"F_ij",0.1339325477132489,0.0014635307797213701,91.51331121218183,0,0.9754242122494008,"492"
"F_ij",0.14307923574876374,0.0013363710344689074,107.0655020636731,0,0.9819256803832241,"493"
"F_ij",0.1020753890600589,0.0028520169201075767,35.79059729288306,0,0.8585759466759666,"494"
"F_ij",0.0868833458698736,0.002857667027877359,30.40359321862964,0,0.8141588874506662,"495"
"F_ij",0.08760218235793733,0.0030486428932578703,28.734812644561018,0,0.7964674971572909,"496"
"F_ij",0.055942822893537344,0.0013273865821531617,42.14508692922913,0,0.8938208971602138,"497"
"F_ij",0.09558120900172509,0.0036801804482474577,25.97188109274422,0,0.761726932949066,"498"
"F_ij",0.11868373889660716,0.00375043092932937,31.64536052869783,0,0.8259691682363592,"499"
"F_ij",0.13310415551004978,0.001567715676923841,84.90324965763286,0,0.9715616628557503,"5"
"F_ij",0.09264759199740308,0.0019317451327867223,47.96056706701795,0,0.9159769607411719,"50"
"F_ij",0.0757398711430223,0.0038489576377933135,19.678021498424577,0,0.6472896222303205,"500"
"F_ij",0.08372213154507652,0.00476245741699966,17.579607377953483,0,0.5942640049098848,"501"
"F_ij",0.08269350648987994,0.0028034600920028604,29.49694441014913,0,0.804822950605904,"502"
"F_ij",0.10357177820367015,0.0022285088214126876,46.4758215038226,0,0.91100808797995,"503"
"F_ij",0.10622776344964081,0.0025842011303548974,41.1066159680273,0,0.8889914140772548,"504"
"F_ij",0.08440717928716072,0.0023666458477276256,35.66531907095676,0,0.8577222737363979,"505"
"F_ij",0.09041200503659225,0.0027480297262031965,32.90066485616573,0,0.836870858096093,"506"
"F_ij",0.15430896203824462,0.001619190704962375,95.30005425879114,0,0.97729498313361,"507"
"F_ij",0.05284676151623576,0.002317473750848521,22.80360737500756,0,0.7113560897207685,"508"
"F_ij",0.11830611339810489,0.006110621539651292,19.36073321354085,0,0.6398321662339113,"509"
"F_ij",0.10294853546349565,0.0022746867440741124,45.2583353429616,0,0.906608940818586,"51"
"F_ij",0.14503159969686302,0.0028875527948267077,50.22647549741749,0,0.9228151993761324,"510"
"F_ij",0.1100551069660634,0.0015801065185602281,69.650435380992,0,0.9583183788892325,"511"
"F_ij",0.12684890175394856,0.004226346742014257,30.013841621876242,0,0.8102229034456921,"512"
"F_ij",0.2715418588517795,0.007188145676283433,37.776343313089036,0,0.8711884694127361,"513"
"F_ij",0.07226095226789163,0.00427067283502837,16.92027346960461,0,0.5757051199193386,"514"
"F_ij",0.05961880742461067,0.00492314620069542,12.109899847416516,0,0.41003720916440856,"515"
"F_ij",0.1724230610573363,0.00821877543587338,20.97916683606449,0,0.6759456985246058,"516"
"F_ij",0.08926371340273698,0.0039968638422242094,22.33343864750287,0,0.7027258274134458,"517"
"F_ij",0.05370218553908113,0.006477320100226781,8.290803095743398,0.000000000000013100631690576847,0.24572120870369996,"518"
"F_ij",0.08942906724363131,0.0031179256800015803,28.68223184960136,0,0.795873041226088,"519"
"F_ij",0.09245588227736035,0.0014545804502224073,63.56188979662398,0,0.9503659492044834,"52"
"F_ij",0.10948782830003377,0.0021295445346464345,51.413730268952506,0,0.9260783019449059,"520"
"F_ij",0.08462746249206336,0.00272345890881038,31.073522797900058,0,0.8206642116816976,"521"
"F_ij",0.10828559846262331,0.0059885344503866145,18.082153381556065,0,0.6077806437935661,"522"
"F_ij",0.10832718737953152,0.0028768922199011787,37.654239053575864,0,0.8704600959214712,"523"
"F_ij",0.15124549047443148,0.0022629602811910176,66.83523866129437,0,0.954894763864335,"524"
"F_ij",0.10101423151532399,0.0017016698152543287,59.36182836987478,0,0.9435047409720706,"525"
"F_ij",0.08941548158231756,0.0030301086379437786,29.509001909249893,0,0.804951314339088,"526"
"F_ij",0.09757323247432441,0.0028341953319015113,34.427137528612334,0,0.8488785281028774,"527"
"F_ij",0.1296448110217633,0.0006643594753178436,195.14256338368398,0,0.9944896559676035,"528"
"F_ij",0.10047980886054389,0.0006111896974902282,164.4003641965028,0,0.9922536058564011,"529"
"F_ij",0.011535477938280277,0.0018821586285422865,6.128855327786263,0.000000004286571986256149,0.15112018938005645,"53"
"F_ij",0.14373114367918222,0.006268411009713361,22.92943833077638,0,0.7136106117665495,"530"
"F_ij",0.09301073363932555,0.003910481187763246,23.784984295635162,0,0.7283467505680052,"531"
"F_ij",0.10287624783549869,0.0024525456846687436,41.94672029091838,0,0.8929220643743275,"532"
"F_ij",0.11602830655191398,0.0035854759690995505,32.36064264601754,0,0.8323016030505046,"533"
"F_ij",0.07144828146786328,0.002860002170609131,24.981897637037818,0,0.7473341990378015,"534"
"F_ij",0.10748901381941292,0.003983718564113085,26.982080207100104,0,0.7753006783282177,"535"
"F_ij",0.11596901169430271,0.0016387201240676697,70.76804024743511,0,0.9595716938679106,"536"
"F_ij",0.09104715665162894,0.001678545786990442,54.24168786892161,0,0.9330830173647733,"537"
"F_ij",0.14580009277017592,0.00454973932861653,32.04581235086062,0,0.8295547381429433,"538"
"F_ij",0.15005588819080423,0.001690516372861435,88.76334509367318,0,0.9739181967402489,"539"
"F_ij",0.13190085676072674,0.0013767224163684952,95.80788050844231,0,0.9775296453486005,"54"
"F_ij",0.1451951932834578,0.004142385058663199,35.05110974166998,0,0.8534295024310522,"540"
"F_ij",0.12831924671562722,0.0013023870318934455,98.52620117775069,0,0.9787264339065594,"541"
"F_ij",0.09790673583610751,0.0029470281650871826,33.22219210389227,0,0.8395088268123223,"542"
"F_ij",0.10597374765647524,0.0015996343084526863,66.24873391155434,0,0.9541293851919815,"543"
"F_ij",0.15348891532965708,0.0009754243232746331,157.35604666323448,0,0.9915505113667171,"544"
"F_ij",0.11298084837211864,0.0021569099038519,52.38088441726412,0,0.9285897296248868,"545"
"F_ij",0.11573936676325323,0.006280552219137204,18.42821502392556,0,0.6167810725384786,"546"
"F_ij",0.11553002152376043,0.0039051501111174573,29.58401552730621,0,0.8057472975760487,"547"
"F_ij",0.11194183083357882,0.0027791788164248355,40.27874355259441,0,0.8849118435358694,"548"
"F_ij",0.1320846193408335,0.0038082156645926455,34.68412269003211,0,0.8507767072504887,"549"
"F_ij",0.13762581591708775,0.0012371782779536389,111.24170086847018,0,0.9832349625720955,"55"
"F_ij",0.1105433533373058,0.0007299495485946459,151.4397173751696,0,0.9908835554370513,"550"
"F_ij",0.13727715747008526,0.001764427824984398,77.80264827284684,0,0.9663168088761956,"551"
"F_ij",0.09807648171642501,0.001991892833387397,49.23783050599008,0,0.9199351574324752,"552"
"F_ij",0.09344239489917798,0.0027606654072227675,33.847779834058606,0,0.84447237877547,"553"
"F_ij",0.019567917675532228,0.004260687208584512,4.592667031765774,0.000007518724547406208,0.09088006826258477,"554"
"F_ij",0.017669931211070574,0.004333498612932569,4.0775209107804375,0.00006449076439030144,0.07304158516916726,"555"
"F_ij",0.17288640718367684,0.001865581404881577,92.67159649602708,0,0.9760200698526268,"556"
"F_ij",0.12220529508093424,0.002146953677342452,56.92032220844314,0,0.9388569391176166,"557"
"F_ij",0.09062438349556984,0.0022005541513346583,41.18252824662608,0,0.8893550445801652,"558"
"F_ij",0.10907476542353585,0.00305870277619214,35.660465695632546,0,0.8576890549930035,"559"
"F_ij",0.10175287779954856,0.0022728574240661785,44.76870248091102,0,0.904750585830741,"56"
"F_ij",0.11475455719379013,0.0012499762653960626,91.8053889266685,0,0.9755765254802333,"560"
"F_ij",0.06106474002390321,0.003744526554205472,16.307733204701538,0,0.5575983490467359,"561"
"F_ij",0.10029752830471429,0.0011941192396720116,83.99289197640178,0,0.9709598628383851,"562"
"F_ij",0.14652608332076963,0.001726415216921378,84.87302584256734,0,0.9715419816054687,"563"
"F_ij",0.0841882238868715,0.0016936342060474348,49.70862278658629,0,0.92132581818707,"564"
"F_ij",0.0939560059214829,0.0003343856575805831,280.98096850592515,0,0.997334556310062,"565"
"F_ij",0.006245401306303651,0.0034386964136947527,1.8162118881536267,0.07075705468475091,0.015392658786711144,"566"
"F_ij",0.1133505101533638,0.0021196851213204724,53.4751643124953,0,0.9312836359696354,"567"
"F_ij",0.07824314263712537,0.004112754458995099,19.024511046604793,0,0.631718960666775,"568"
"F_ij",0.06889423192082783,0.004790822114926193,14.380461279533275,0,0.4949708510558233,"569"
"F_ij",0.1091427790879686,0.004277397627454569,25.516163937491648,0,0.7552416060112175,"57"
"F_ij",0.060205502851398904,0.002268301101316181,26.542112427871537,0,0.7695207543358418,"570"
"F_ij",0.04347990066589379,0.002644178952418027,16.44363012046997,0,0.5616886567215268,"571"
"F_ij",0.027161213473140367,0.003490191276667321,7.782156139899529,0.00000000000031397107136399427,0.22301339805628728,"572"
"F_ij",0.009737641323906409,0.002601761185885237,3.742711428217891,0.00023470647587764404,0.06225510095422648,"573"
"F_ij",0.005451373863579386,0.0027505130722472763,1.9819479931158448,0.048783032990361574,0.018276426029121162,"574"
"F_ij",0.007659615654207682,0.0025632284690206963,2.9882687972539976,0.003138191291998993,0.04060273968488193,"575"
"F_ij",0.09186565748687403,0.007440248452855892,12.347122286166664,0,0.41945475155802325,"576"
"F_ij",0.09126335325950545,0.0061369448762685075,14.871137854345042,0,0.5117444448405903,"577"
"F_ij",0.15573454091418412,0.001548025272021545,100.60206621227347,0,0.9795775667617943,"578"
"F_ij",0.1474741575540961,0.0022660429876771577,65.08003526679198,0,0.9525459971066492,"579"
"F_ij",0.138299012653713,0.0039890764999622515,34.669431046263895,0,0.8506690996478166,"58"
"F_ij",0.13337236836999933,0.0019344456319695896,68.94604126671884,0,0.9574987220953372,"580"
"F_ij",0.1219775127166891,0.003229409756980611,37.77083798456531,0,0.8711557550235756,"581"
"F_ij",0.12089824224618836,0.0027863784482223325,43.38902431696585,0,0.8992170180246009,"582"
"F_ij",0.10525775840105725,0.0016828242567823125,62.54827738359207,0,0.9488272342398252,"583"
"F_ij",0.1774388590747775,0.00200980158165172,88.28675462030061,0,0.9736432883996089,"584"
"F_ij",0.07792314066080573,0.0048821814703144525,15.96072188930471,0,0.546962046546118,"585"
"F_ij",0.12075531215410824,0.0047264302868040885,25.54894599656952,0,0.7557159689132813,"586"
"F_ij",0.08804900319088367,0.0030894219878349117,28.50015424813786,0,0.793796054707702,"587"
"F_ij",0.09946790144312795,0.0017100862955358165,58.16542808558205,0,0.9412945855609668,"588"
"F_ij",0.12217445438492926,0.006931081683326461,17.627040044677933,0,0.5955627217585018,"589"
"F_ij",0.12946818982922967,0.001795276754930965,72.11600633363528,0,0.9610105357313729,"59"
"F_ij",0.15378237270576844,0.0012189111616491886,126.163725088628,0,0.9869173943113444,"590"
"F_ij",0.1302162369166037,0.0017440497011873514,74.66314568211692,0,0.9635300512887167,"591"
"F_ij",0.04383999201391427,0.004735618386027305,9.257501014707287,0,0.28884712606703045,"592"
"F_ij",0.10399524458704855,0.006964947190493182,14.931232318458504,0,0.5137595656141667,"593"
"F_ij",0.0937641188122226,0.0038841436143127565,24.140229642052724,0,0.7341734584797501,"594"
"F_ij",0.10083008490494987,0.004103551990867982,24.57141645319384,0,0.7410262866759803,"595"
"F_ij",0.09356705406006421,0.00023218070687950652,402.992373128669,0,0.9987024475690908,"596"
"F_ij",0.08753370225066125,0.0015155317951185436,57.75774717007137,0,0.9405123945134364,"597"
"F_ij",0.09076736029239264,0.003629806665652701,25.006114279111646,0,0.747699929527067,"598"
"F_ij",0.08879280454625002,0.003943987858985059,22.513457880952974,0,0.706069096068699,"599"
"F_ij",0.18562234659029314,0.004694200863299948,39.54290666203057,0,0.8811027444753932,"6"
"F_ij",0.08843076737381601,0.005223115297787733,16.93065581211105,0,0.5760047685211331,"60"
"F_ij",0.11904700672769579,0.00286916612893887,41.491848633987615,0,0.8908191591857799,"600"
"F_ij",0.14042995214144854,0.000503026479136697,279.17009932053065,0,0.9972999584085788,"601"
"F_ij",0.13561392114315365,0.001627365227438344,83.33342685257276,0,0.9705120287045028,"602"
"F_ij",0.08696656506392925,0.00031224305460900316,278.5220160391733,0,0.9972874126463019,"603"
"F_ij",0.15429983846370837,0.0004384349371655708,351.93326394387793,0,0.998299320033163,"604"
"F_ij",0.10766819129757496,0.000700724861085428,153.6525921612031,0,0.9911419418471277,"605"
"F_ij",0.09402415593833778,0.00042780089501888495,219.784850927409,0,0.995650953410623,"606"
"F_ij",0.23267075509946542,0.002991230430878262,77.78429662175857,0,0.9663014489086098,"607"
"F_ij",0.16414535242635803,0.0029810952863417437,55.0620951897815,0,0.9349334629082136,"608"
"F_ij",0.04678365936200661,0.002681649812389844,17.445849620578816,0,0.5905756085554393,"609"
"F_ij",0.12317000463111183,0.0044394200862227515,27.74461579190406,0,0.7848615330792053,"61"
"F_ij",0.045165753532678356,0.0022259413083365594,20.290630918040968,0,0.6611583231065755,"610"
"F_ij",0.08663103425810835,0.005766255671128043,15.02379346303957,0,0.5168466748866016,"611"
"F_ij",0.19362742752492298,0.009549619266681419,20.27593164897037,0,0.6608335416596633,"612"
"F_ij",0.2035535752469816,0.0047937168301347465,42.462578091259495,0,0.895237035643672,"613"
"F_ij",0.17942186893394457,0.006181255984075374,29.026765659954055,0,0.7997253341500836,"614"
"F_ij",0.1463942735561857,0.004550399023107469,32.171744238863035,0,0.8306609772779516,"615"
"F_ij",0.09113423537571662,0.006074795483789511,15.002025272934173,0,0.5161224805184507,"616"
"F_ij",0.15620690442099394,0.00330698595292411,47.23543028142359,0,0.9136019898167974,"617"
"F_ij",0.13215205072346373,0.004057239999027899,32.57190867563341,0,0.834110267905333,"618"
"F_ij",0.03519512674264564,0.003582777159010877,9.82342054239349,0,0.31382022587728364,"619"
"F_ij",0.10905223405999387,0.0016558380670128943,65.85923843188505,0,0.9536104613705525,"62"
"F_ij",0.033764890659998374,0.002714505117034735,12.438691107306656,0,0.4230575248264338,"620"
"F_ij",0.030947286125082192,0.001131465580746026,27.351504678275106,0,0.7800031881775894,"621"
"F_ij",0.042830014513685885,0.003700907197068204,11.572842071699366,0,0.38828287496809666,"622"
"F_ij",0.05088062475073947,0.006123643752442361,8.30888059587826,0.00000000000001176836406102666,0.24652947393175817,"623"
"F_ij",0.08161328234897047,0.007886562444688041,10.348397406520345,0,0.33666432400998314,"624"
"F_ij",0.12839527470818327,0.00410456574589884,31.281086150580485,0,0.8226154909848258,"625"
"F_ij",0.14763034809619824,0.00907540337547897,16.267083895695908,0,0.5563666812310163,"626"
"F_ij",0.09032985238762373,0.002597709562882495,34.772883650392025,0,0.8514245049523028,"627"
"F_ij",0.07819468194781995,0.0013816758008925673,56.5940880612557,0,0.9381936880392906,"628"
"F_ij",0.13744406656468555,0.0027860979099536146,49.33210210368158,0,0.920216475705325,"629"
"F_ij",0.08900822374084098,0.0023915224032155947,37.21822702608274,0,0.8678107550146908,"63"
"F_ij",0.1046469544770049,0.002746279987534518,38.10498381519797,0,0.873120087043643,"630"
"F_ij",0.1492031663271595,0.0028068976023507015,53.155899311113394,0,0.9305132385105518,"631"
"F_ij",0.10926326943893491,0.0023149009586061788,47.19997589215361,0,0.9134833786173728,"632"
"F_ij",0.14004238393982993,0.0022244462110708957,62.95606665733246,0,0.9494546168605841,"633"
"F_ij",0.08547159337406797,0.0022775445693111163,37.52795643420509,0,0.8697006058556411,"634"
"F_ij",0.025047891615798176,0.0021389248887581907,11.710505472840792,0,0.39391491452477756,"635"
"F_ij",0.02775320970139512,0.002913317864782253,9.526323933577858,0,0.30074761473894596,"636"
"F_ij",0.23642419528003833,0.010969677064653724,21.552520998256156,0,0.6876439471868024,"637"
"F_ij",0.10966839607660912,0.0008015786215125993,136.81552019147176,0,0.9888533690931057,"638"
"F_ij",0.06141494626054075,0.0008460030129061877,72.59424059208519,0,0.9615028398561285,"639"
"F_ij",0.10357065095903407,0.0028190451880175174,36.739620705360075,0,0.864812893030404,"64"
"F_ij",0.049882742145877665,0.00446500421179669,11.17193619080712,0,0.3716725412842343,"640"
"F_ij",0.032765103537608704,0.0020066975748466503,16.327873192407967,0,0.5582071899409953,"641"
"F_ij",0.03195988326175212,0.0013903964364406372,22.98616597692686,0,0.714619524936008,"642"
"F_ij",0.15446845991982644,0.005273144175261784,29.29342623410404,0,0.8026386225675914,"643"
"F_ij",0.11454892548953084,0.009763072351465221,11.732876841001756,0,0.3948265973833561,"644"
"F_ij",0.1148164822125872,0.007533723636825079,15.24033635257877,0,0.5239898427520413,"645"
"F_ij",0.21576070420627416,0.0050208043341704025,42.973334518905276,0,0.8974586999929387,"646"
"F_ij",0.10502125644348714,0.002753970918764311,38.1344827310702,0,0.8732914442060444,"647"
"F_ij",0.1538276845177876,0.006358964107544259,24.190682934550114,0,0.734987593805402,"648"
"F_ij",0.15243158090608175,0.004351196869401074,35.032103920194125,0,0.8532937607119548,"649"
"F_ij",0.06521981328685848,0.0021087572051665658,30.928080827449705,0,0.8192790975198213,"65"
"F_ij",0.15085930111236828,0.0024173051690076835,62.408049693740914,0,0.9486088421682625,"650"
"F_ij",0.1495042630738796,0.0011094826611790579,134.7513289797607,0,0.9885132064161689,"651"
"F_ij",0.14816074754277428,0.004816025148934089,30.764114173192407,0,0.8176996720434384,"652"
"F_ij",0.24783263344997894,0.014526577029823108,17.060635340395592,0,0.5797359244819128,"653"
"F_ij",0.14209605277220547,0.006967254853132424,20.39484068941732,0,0.6634497818430539,"654"
"F_ij",0.15623779606903065,0.005927903196955057,26.356333914036277,0,0.7670197940551027,"655"
"F_ij",0.04607860522271093,0.005969092517846449,7.719532757273351,0.000000000000460964599824365,0.22022589454440655,"656"
"F_ij",0.177033664031865,0.00526827980468292,33.603694297805056,0,0.842561783380485,"657"
"F_ij",0.19078474898545295,0.005488603865495623,34.760160080932536,0,0.8513318896480839,"658"
"F_ij",0.1005197705600219,0.006397837915126072,15.711521906856735,0,0.5391523099655635,"659"
"F_ij",0.10732667884213377,0.0015653918150790405,68.56218220146665,0,0.9570419872052265,"66"
"F_ij",0.14069355925650193,0.0042373412166757905,33.20326404274719,0,0.8393551968044084,"660"
"F_ij",0.18240670771102682,0.004196953381250317,43.46169498234597,0,0.8995199305499865,"661"
"F_ij",0.14835687225273003,0.00907251205332057,16.35234777102676,0,0.5589458223104382,"662"
"F_ij",0.0834329526323447,0.004433326136527307,18.819493550208108,0,0.6266632093112408,"663"
"F_ij",0.1133206461860452,0.004673330365454473,24.248370503339107,0,0.7359144370607817,"664"
"F_ij",0.08384861765746301,0.005851754444558073,14.32879975601835,0,0.49317163164086697,"665"
"F_ij",0.096955608811476,0.004241895479364111,22.85667086403796,0,0.7123096312727357,"666"
"F_ij",0.053961459653707314,0.002099699074035165,25.699615874004802,0,0.7578804342087447,"667"
"F_ij",0.05924805659236233,0.005371411481316182,11.030258396410268,0,0.3657313363738345,"668"
"F_ij",0.09443380657970571,0.0028311127919039996,33.355720354820775,0,0.8405867712813432,"669"
"F_ij",0.08345152702116475,0.005891395712750833,14.164984171840537,0,0.48742462713141055,"67"
"F_ij",0.08030452340799249,0.0019144826105615394,41.94580977909131,0,0.892917913465035,"670"
"F_ij",0.07159007279402538,0.003216319522855586,22.258383312135805,0,0.7013174424739277,"671"
"F_ij",0.13243493125287603,0.002940167714069407,45.04332546036172,0,0.9057994151864044,"672"
"F_ij",0.24496040835540955,0.017001455562201638,14.408202136528592,0,0.4959343748571786,"673"
"F_ij",0.0978925385016117,0.002916723994039219,33.562496383500935,0,0.8422360506319341,"674"
"F_ij",0.07899266236631765,0.006610279620648329,11.949972905770988,0,0.4036209857589178,"675"
"F_ij",0.1903693947693997,0.008725347413435608,21.81797305586503,0,0.6928782460459917,"676"
"F_ij",0.02832506720280297,0.0019982946657336824,14.174619833858838,0,0.48776442476812154,"677"
"F_ij",0.06729578239621839,0.005582047472451654,12.055752432836595,0,0.40787082800145946,"678"
"F_ij",0.11313810153644578,0.005373907720437564,21.053227450514104,0,0.6774875878756441,"679"
"F_ij",0.10755732361097287,0.004350622482154407,24.722283777127682,0,0.7433687316926338,"68"
"F_ij",0.1744926126205191,0.0020418051820374782,85.45997147798218,0,0.9719206042843644,"680"
"F_ij",0.20799947517569248,0.007053160778176,29.49025007614851,0,0.8047516326607178,"681"
"F_ij",0.1637851129716353,0.004986727705129578,32.84420619220063,0,0.8364013736335761,"682"
"F_ij",0.1452170589919658,0.0031349311727236397,46.32224791901912,0,0.9104699515849628,"683"
"F_ij",0.0971149713190355,0.005320046391523685,18.2545346735635,0,0.6122948727645283,"684"
"F_ij",0.16098393515618742,0.0022909260444026387,70.27024532263509,0,0.9590204320019993,"685"
"F_ij",0.13980487370498015,0.0014828875692475716,94.27880886203545,0,0.9768118969442344,"686"
"F_ij",0.1810824847387876,0.0008479319235585013,213.55781013508945,0,0.9953948167907948,"687"
"F_ij",0.12933609104409982,0.0033056596467038115,39.12565262823272,0,0.8788621094417782,"688"
"F_ij",0.11587121227387735,0.002622545422202916,44.18272846406852,0,0.902455418759299,"689"
"F_ij",0.13185275561138035,0.004107011052944764,32.10430990119706,0,0.8300698577334056,"69"
"F_ij",0.09542227378545687,0.0036266160938415067,26.311655636089252,0,0.7664128779924947,"690"
"F_ij",55.29945382083529,1.1891349564169753,46.503934244318266,0,0.9111060892445857,"691"
"F_ij",0.03845294753916986,0.004233416338806611,9.083195334860367,0,0.28110115879830244,"692"
"F_ij",33.853722197236145,2.2052760372287987,15.351240219241452,0,0.5276054990960446,"693"
"F_ij",0.11345353003318535,0.0034680834598763304,32.713610080546054,0,0.8353081119399082,"694"
"F_ij",0.09468330595278443,0.005405285578579558,17.516799913033648,0,0.5925368817293335,"695"
"F_ij",0.20241159473214868,0.0026097949760091905,77.55842761321794,0,0.9661115475497581,"696"
"F_ij",0.231668169938114,0.004080551031937619,56.773746517295265,0,0.938560241554168,"697"
"F_ij",0.03621166462414955,0.005816249308620471,6.225947806342989,0.000000002547183797219077,0.15519718756157708,"698"
"F_ij",0.09933942226246995,0.004470002905881201,22.223569951547162,0,0.7006612668084342,"699"
"F_ij",0.15455409315693694,0.005511861921516392,28.040269396737155,0,0.7884195730739393,"7"
"F_ij",0.07279225249252132,0.005644143345839557,12.896953183547039,0,0.4408098578418608,"70"
"F_ij",0.032059639223605656,0.0031535093679482787,10.166337081301949,0,0.3287830756550033,"700"
"F_ij",0.09159255968217019,0.0021805491802407706,42.004354000425145,0,0.8931843384109168,"701"
"F_ij",0.09227856136044259,0.007388946169583147,12.488731037222937,0,0.4250186165321055,"702"
"F_ij",0.02440064694426642,0.003746525092505546,6.512874287984046,0.0000000005306983741348859,0.1673819930353807,"703"
"F_ij",0.11105770344958045,0.0029570423589565017,37.55702149926967,0,0.869875970404298,"704"
"F_ij",0.03547532004944859,0.0046001757800481075,7.711731408897943,0.0000000000004833911049217932,0.21987882252755886,"705"
"F_ij",0.004944422949385434,0.005607623571887,0.8817323213657876,0.3789249025141219,0.003671079615014894,"706"
"F_ij",0.05085548992863715,0.004171213897471483,12.192012008654089,0,0.4133106035233146,"707"
"F_ij",0.10552597578475553,0.003612695425181829,29.20976261912374,0,0.8017309046626916,"708"
"F_ij",0.011221532073125267,0.002587499584835415,4.336824685457502,0.000022392396895387634,0.08184242670018282,"709"
"F_ij",0.01564067501549283,0.003041033440547238,5.143210464886657,0.0000006155907077420864,0.11140165380029854,"71"
"F_ij",0.10343851143493488,0.0009910225948314944,104.375532883307,0,0.9809999806784041,"710"
"F_ij",0.0611321368914137,0.005203932305225578,11.747296718296525,0,0.3954137061187991,"711"
"F_ij",0.02960060161736351,0.0013475901993107327,21.965580955177373,0,0.695740400224622,"712"
"F_ij",0.14091439362756306,0.0009627231050105423,146.37063647290356,0,0.9902474482244659,"713"
"F_ij",0.060301619871629276,0.01865908560214105,3.2317564299458446,0.0014274771871296554,0.04716423948827231,"714"
"F_ij",0.0904154318650065,0.0005886615297984084,153.5949391766266,0,0.9911353496850396,"715"
"F_ij",0.0627289054616066,0.001271446618476426,49.33664107485269,0,0.9202299842156767,"716"
"F_ij",0.0836111326612343,0.0016438010723615003,50.86450791829558,0,0.9245943326741087,"717"
"F_ij",0.00529502457865203,0.0018025568127888552,2.9375077340612337,0.003676164675731286,0.03928877145459109,"718"
"F_ij",0.11237652812931745,0.0005795345895250098,193.90823284839988,0,0.9944196727822127,"719"
"F_ij",0.07911907366351582,0.001558456353914571,50.76759029201074,0,0.9243279594063878,"72"
"F_ij",0.1255750807739542,0.000620172045626825,202.48426490592948,0,0.994879992549943,"720"
"F_ij",0.009858592583096728,0.004468591012403906,2.2061971112888306,0.02844903999927295,0.022547674267832996,"721"
"F_ij",0.045967768227915595,0.002984088330800471,15.404292075893379,0,0.5293248616831348,"722"
"F_ij",0.08016463658711977,0.0031048863991928618,25.81886300508745,0,0.7595753084125056,"723"
"F_ij",0.08089675514216696,0.0023622003650052657,34.24635621118729,0,0.8475227410407694,"724"
"F_ij",0.11433678651603707,0.0007576586423405075,150.9080476701693,0,0.9908197960627655,"725"
"F_ij",0.10384829921050127,0.002093706115399553,49.60022729392628,0,0.9210087681244934,"726"
"F_ij",0.09385588558374716,0.005599437867950378,16.761662116290655,0,0.5710975152494148,"727"
"F_ij",0.05540157312768863,0.0036439196542652355,15.203840475143483,0,0.5227936862899589,"728"
"F_ij",0.10349558268153229,0.0022969326607064564,45.05817016407467,0,0.9058556323617161,"729"
"F_ij",0.025103867806255824,0.0006283398242602395,39.952692535144095,0,0.88324593826691,"73"
"F_ij",0.1812054721062697,0.002050109788161757,88.38817957586001,0,0.9737021522599443,"730"
"F_ij",0.1084575279903846,0.0039751767959379175,27.283699205834882,0,0.7791501502239372,"731"
"F_ij",0.13217911363874021,0.002590907689515475,51.01652759518383,0,0.9250094028222888,"732"
"F_ij",0.10734876590782783,0.001696515113246732,63.276044563132395,0,0.9499389993130316,"733"
"F_ij",0.11327022058665688,0.0009878188391061562,114.6669977352844,0,0.9842060198149207,"734"
"F_ij",0.06948230776183624,0.0012762183631194175,54.443902211219545,0,0.9335462056856879,"735"
"F_ij",0.12504937631315763,0.0026663932261684086,46.89832508045066,0,0.9124645827317772,"736"
"F_ij",0.07732307200374373,0.005190651519881645,14.896602422176633,0,0.512599379636657,"737"
"F_ij",0.09746121465425622,0.005641222398447144,17.276612721576853,0,0.5858533365587553,"738"
"F_ij",0.3263607120040119,0.002946201165483719,110.77339722334564,0,0.9830953131152795,"739"
"F_ij",0.050125553506196276,0.004677326638357427,10.716710074325546,0,0.35245856638346407,"74"
"F_ij",0.12710430273155324,0.003309635064317027,38.404325631527705,0,0.8748437197857637,"740"
"F_ij",0.12372202123030678,0.003931250126610176,31.47141933118088,0,0.8243789098352923,"741"
"F_ij",0.09506498028368639,0.001577102079220029,60.27826704197974,0,0.9451159643143823,"742"
"F_ij",0.09998176478928303,0.0006443354859965433,155.17035296395179,0,0.9913128822306474,"743"
"F_ij",0.14743154130913647,0.0024853439974858414,59.32037635767013,0,0.9434302257126672,"744"
"F_ij",0.1406269081752645,0.0051925301972937385,27.082540270744488,0,0.776592858183156,"745"
"F_ij",0.10451373811739646,0.0044415157670449614,23.53109694957399,0,0.7240793193855111,"746"
"F_ij",0.11363230625352018,0.0021703164097313125,52.35748379545634,0,0.9285304463081262,"747"
"F_ij",0.05040177142239514,0.0016117173879538684,31.272090131373435,0,0.8225315345148616,"748"
"F_ij",0.09263143882545065,0.004697284384812913,19.720210921217205,0,0.648266925412075,"749"
"F_ij",0.018005830819517454,0.0022450612406988224,8.020195838360634,0.00000000000007194245199571014,0.2336289188541244,"75"
"F_ij",0.08468874277737107,0.002451673121483132,34.54324397297258,0,0.8497403253795143,"750"
"F_ij",0.10067739260840554,0.002259224781359323,44.562804657193205,0,0.9039531061992437,"751"
"F_ij",0.07451943311821867,0.0011366250223038953,65.56202059248233,0,0.9532086299845379,"752"
"F_ij",0.06673074091923724,0.002853342092972192,23.386870114030724,0,0.7216159393142316,"753"
"F_ij",0.07878133209012562,0.0024835011102825634,31.72188317691639,0,0.8266624204684927,"754"
"F_ij",0.08268705626158132,0.0030465877944277696,27.1408742635996,0,0.7773385650924288,"755"
"F_ij",0.11105160563444107,0.0008151510584176036,136.234388077736,0,0.9887591416183721,"756"
"F_ij",0.09340917648915975,0.0016207206285301502,57.63434786035492,0,0.9402726181888212,"757"
"F_ij",0.07765101429765527,0.001399297199632067,55.492867646753616,0,0.9358751952047812,"758"
"F_ij",0.1320104562374637,0.002921152050197808,45.191230709310226,0,0.9063573727980395,"759"
"F_ij",0.10172088380014087,0.0012568319786046608,80.93435362224929,0,0.9687933048184525,"76"
"F_ij",0.061173515641291316,0.0022320281281778334,27.407143695465745,0,0.7806998228467996,"760"
"F_ij",0.07381342556181925,0.002568514532752796,28.737787783785667,0,0.7965010617674294,"761"
"F_ij",0.11970146746931408,0.009682483249901553,12.362682627985041,0,0.42006825774883616,"762"
"F_ij",0.2298570599521957,0.005698729842361861,40.33478798091796,0,0.8851947548390353,"763"
"F_ij",0.07861615215815496,0.0014804107755193234,53.10428258033765,0,0.9303875001204428,"764"
"F_ij",0.09742423591399985,0.0039643050735908205,24.575362921238078,0,0.7410879219304221,"765"
"F_ij",0.1373609186287058,0.002016562268929765,68.11637842535174,0,0.9565023880241912,"766"
"F_ij",0.12103500277977719,0.001700471958504541,71.17730002805804,0,0.9600167364202267,"767"
"F_ij",0.061974133700955746,0.001762012158841959,35.172364384640105,0,0.8542913493467015,"768"
"F_ij",0.08289684363934534,0.0022190905511059607,37.356223971135755,0,0.8686575500764939,"769"
"F_ij",0.0362876786231185,0.0044512503734929765,8.152243881676533,0.000000000000031530333899354446,0.23952750161557634,"77"
"F_ij",0.05448319914031614,0.0016676203748787158,32.671224195302024,0,0.8349510852269404,"770"
"F_ij",0.10407021789638334,0.008008596146421262,12.994814071488468,0,0.4445397893103461,"771"
"F_ij",0.021760186068702246,0.006788223787001026,3.205578771632644,0.001557174602323741,0.046438599555503,"772"
"F_ij",0.07788316232351716,0.001501374115041927,51.87458711537878,0,0.9272908413048946,"773"
"F_ij",0.10621369117693062,0.00664324486418036,15.98822463245681,0,0.547815148028018,"774"
"F_ij",0.07153360107153321,0.001578315056235779,45.32276416480377,0,0.906849557396689,"775"
"F_ij",0.14407421202068577,0.0033827481126230637,42.59087795601996,0,0.895801588469589,"776"
"F_ij",0.1815784282933249,0.0022585295047180508,80.39674837721135,0,0.9683877946815822,"777"
"F_ij",0.0938508243990951,0.0021094834950767254,44.48995435049924,0,0.9036686290589938,"778"
"F_ij",0.12944439747796305,0.0014003653084392277,92.43616411937171,0,0.9759007093796593,"779"
"F_ij",0.06747040275798191,0.005076345410430838,13.291137088375471,0,0.4557006427195448,"78"
"F_ij",0.1229767930296257,0.0019857574455485094,61.929413033451745,0,0.9478529785984503,"780"
"F_ij",0.07850982959383744,0.0025641364772838546,30.618428577952116,0,0.8162802144837914,"781"
"F_ij",0.08547383126668215,0.0012477328530392556,68.50331067141742,0,0.9569712979462801,"782"
"F_ij",0.10740099859129805,0.0014336610042992685,74.91380338115042,0,0.9637648676040852,"783"
"F_ij",0.18111815780588517,0.005617889171256974,32.23953913732351,0,0.8312523635778127,"784"
"F_ij",0.22855484897107647,0.009155843955484957,24.962728731757927,0,0.74704420122179,"785"
"F_ij",0.11152221329339518,0.006607467751765155,16.87820773148723,0,0.5744885915444343,"786"
"F_ij",0.13227794250836117,0.005289695665747469,25.006720776944626,0,0.7477090800784524,"787"
"F_ij",0.1533011300824822,0.00582648119343189,26.3111001294051,0,0.7664053185064851,"788"
"F_ij",0.19661293635238414,0.0029773864023627293,66.03541152614936,0,0.9538462437855183,"789"
"F_ij",0.039860055383342204,0.0030993432721285034,12.860806914094395,0,0.43942667033193195,"79"
"F_ij",0.10842888773493323,0.0021371049438228293,50.73634219430369,0,0.924241782839648,"790"
"F_ij",0.1164827233635448,0.0061749078266725805,18.863880503672693,0,0.6277648521916752,"791"
"F_ij",0.07379101898143267,0.007676099887421931,9.61308738339202,0,0.3045746933179355,"792"
"F_ij",0.06500681986738116,0.0013760267164579238,47.24241113189821,0,0.9136253161273877,"793"
"F_ij",0.07705183412694776,0.0023599486158187655,32.649793139760895,0,0.8347701532953888,"794"
"F_ij",0.10805892631867804,0.0038913378428202254,27.76909399374148,0,0.7851592010693329,"795"
"F_ij",0.07850712936599732,0.0026985649289862877,29.092177298653482,0,0.8004454096242589,"796"
"F_ij",0.10455372926580378,0.0022669643782256533,46.120587632540435,0,0.9097561166843342,"797"
"F_ij",0.15883817017798776,0.004187709389285104,37.92960671635896,0,0.8720944733280458,"798"
"F_ij",0.08140793069908704,0.003316792800650831,24.544171310041715,0,0.7406002458396101,"799"
"F_ij",0.09837279389285133,0.0009855991982044236,99.81013993524759,0,0.9792589529273571,"8"
"F_ij",0.07769921812075413,0.002192491295606561,35.43878065853774,0,0.8561599509098314,"80"
"F_ij",0.18139908266408758,0.006403437976785683,28.3283891124911,0,0.7918100705764408,"800"
"F_ij",0.22887109726365026,0.009218909773702643,24.82626502284635,0,0.7449668528476014,"801"
"F_ij",0.16108677080048076,0.004675347789448016,34.4545000831904,0,0.8490822530140585,"802"
"F_ij",0.27040458046666616,0.004574225453825261,59.11483445586105,0,0.9430585951900298,"803"
"F_ij",0.15882124484302243,0.0038447705209743686,41.308380819246615,0,0.8899541332216626,"804"
"F_ij",0.2037554923792302,0.001266764923475846,160.847122148086,0,0.9919103766977131,"805"
"F_ij",0.27696705352880163,0.004650394403198541,59.55775564719924,0,0.9438549996648158,"806"
"F_ij",0.15512640417319337,0.004019812940476069,38.59045345399124,0,0.8758986392580328,"807"
"F_ij",0.18157654086447778,0.00645286613051379,28.138897846625603,0,0.7895886409314161,"808"
"F_ij",0.02407941832947615,0.0015078734632498888,15.96912401228832,0,0.5472228554923033,"809"
"F_ij",0.0926220912251321,0.00214319070189836,43.21691538839303,0,0.898494337923863,"81"
"F_ij",0.16144558524957134,0.0011630050900998134,138.81760847299086,0,0.9891691164263736,"810"
"F_ij",0.14737898844781439,0.0016048443881739151,91.83381861434599,0,0.9755912760082648,"811"
"F_ij",0.11682530549046063,0.0019061236177298452,61.28946958308886,0,0.9468165426137249,"812"
"F_ij",0.06746747114060418,0.002655273431523328,25.408860096904654,0,0.7536802538204481,"813"
"F_ij",0.21005575266418386,0.004474495935186916,46.94512090453136,0,0.9126237690377577,"814"
"F_ij",0.021898697974954254,0.004344929494183475,5.040058303424688,0.0000009992925806834307,0.10745326830033308,"815"
"F_ij",0.18716589621525392,0.007458577943584931,25.094045759250122,0,0.7490219983698148,"816"
"F_ij",0.161734151426333,0.007242798705489415,22.330339141380872,0,0.7026678358832799,"817"
"F_ij",0.09644116572270185,0.005303245452770286,18.185310595481365,0,0.6104894787972578,"818"
"F_ij",0.08758267947465231,0.0014835331860880497,59.03654889284975,0,0.9429161066954702,"819"
"F_ij",0.11045642555554704,0.0006969974125500807,158.47465652910228,0,0.9916683832567839,"82"
"F_ij",0.18106616064804512,0.0036647375466741542,49.407674722127766,0,0.9204409553323278,"820"
"F_ij",0.0910347622332959,0.001711093614153578,53.20267779640322,0,0.9306269041933745,"821"
"F_ij",0.13514735148331725,0.011073736086729425,12.204313921231654,0,0.4137997836682473,"822"
"F_ij",0.16285809244190907,0.0016995988790348897,95.82148732316615,0,0.9775358832047929,"823"
"F_ij",0.12613315526375188,0.0008532001775693839,147.83535983675353,0,0.9904379048130092,"824"
"F_ij",0.17966432782130606,0.0034049929579512642,52.764963111526534,0,0.9295525731175497,"825"
"F_ij",0.09124457852155383,0.00333266124003472,27.378893907801814,0,0.7803464934703286,"826"
"F_ij",0.0361507988389961,0.002675373404194271,13.512431117959572,0,0.46390341614998476,"827"
"F_ij",0.14253077542706424,0.007939734609888156,17.951579294546725,0,0.6043199998630147,"828"
"F_ij",0.17847884664776636,0.012512588934668946,14.263942304797572,0,0.49090388817444786,"829"
"F_ij",0.13653466809062123,0.000466102542033435,292.92839188340486,0,0.9975470262609816,"83"
"F_ij",0.1485762725032909,0.006045810545822992,24.575079119199522,0,0.7410834902081307,"830"
"F_ij",0.11930663700689365,0.007450024835637704,16.014260306379406,0,0.5486211336625757,"831"
"F_ij",0.1509040542609661,0.006132615212836429,24.606802974545445,0,0.741578253478246,"832"
"F_ij",0.1041555315339146,0.005301008423344349,19.64824863798349,0,0.646597937509457,"833"
"F_ij",0.161929075710432,0.004932954535678246,32.82598178013978,0,0.8362494232426653,"834"
"F_ij",0.14154171976944419,0.004181052811626195,33.853128899941446,0,0.8445138826974685,"835"
"F_ij",0.12208539842213667,0.005352391215585444,22.809505789980445,0,0.7114622855765866,"836"
"F_ij",0.2145659413432538,0.005487407975078159,39.10151064359264,0,0.878730623522462,"837"
"F_ij",0.0926141063675824,0.005480162230830575,16.89988406667037,0,0.5751159563396044,"838"
"F_ij",0.13842910810044842,0.005548772073935088,24.94770126722416,0,0.7468165476203856,"839"
"F_ij",0.08846737578495993,0.0011290996012166803,78.35214509829817,0,0.9667719604003531,"84"
"F_ij",0.11492123884931527,0.006117568097245942,18.7854449713525,0,0.625815497950963,"840"
"F_ij",0.1466614812975669,0.002649525960153429,55.35385706848255,0,0.9355734927083247,"841"
"F_ij",0.13676677386106467,0.0021541314562468898,63.49044923161343,0,0.9502597471790782,"842"
"F_ij",0.15972719109241426,0.0028033641496248295,56.97696858747029,0,0.9389710392748853,"843"
"F_ij",0.06761505269015636,0.0032786743276535,20.622680368058234,0,0.6683927768540212,"844"
"F_ij",0.0788786058819771,0.008232201791945877,9.58171433056335,0,0.3031916946405113,"845"
"F_ij",0.1353680780537515,0.008502625647746731,15.920738329768195,0,0.5457186872014942,"846"
"F_ij",0.10397304520744342,0.006152947706439907,16.898086928094855,0,0.5750639826312722,"847"
"F_ij",0.08214114074821913,0.00445719516584713,18.428885810883596,0,0.6167982792440436,"848"
"F_ij",0.11689419945641663,0.003150365718992476,37.10496173561741,0,0.8671099011562332,"849"
"F_ij",0.07727250756545402,0.0012973872095077168,59.560096630499736,0,0.9438591653137728,"85"
"F_ij",0.09515983913449255,0.001087067235091171,87.53813569453375,0,0.9732026918446517,"850"
"F_ij",0.07767068030076031,0.001645632875088212,47.1980606832474,0,0.913476964632126,"851"
"F_ij",0.08814666004907871,0.0025513386999174575,34.549180025345315,0,0.8497841990288797,"852"
"F_ij",0.12966049475841332,0.004304893595914546,30.11932626661538,0,0.8112994623771768,"853"
"F_ij",0.08896968882778192,0.00003665166890888743,2427.4389537063676,0,0.9999641928075549,"854"
"F_ij",0.08698327438737445,0.000033963247382064134,2561.1000446709345,0,0.9999678326416256,"855"
"F_ij",0.05354313916610415,0.000016834713350524953,3180.51980162968,0,0.9999791417826333,"856"
"F_ij",0.12054885590694306,0.00004316740432028027,2792.589867403924,0,0.9999729444486088,"857"
"F_ij",0.12006253891909587,0.000056576561245037216,2122.1250687028546,0,0.9999531488607108,"858"
"F_ij",0.0848304857798061,0.00009012775854515697,941.2248473626829,0,0.9997618819800916,"859"
"F_ij",0.08321762990341056,0.001560312109914887,53.333964002849385,0,0.9309444637775901,"86"
"F_ij",0.11285511185025567,0.00002805565101537708,4022.544755364995,0,0.9999869600771338,"860"
"F_ij",0.0923133524976822,0.0000329323588261102,2803.119964321905,0,0.999973147333129,"861"
"F_ij",0.06960163969643987,0.00006695712743122045,1039.4956051233817,0,0.9998047673975169,"862"
"F_ij",0.08123849957282886,0.00006239286299405904,1302.047953474491,0,0.9998755558607959,"863"
"F_ij",0.02019199064817982,0.003443948857555865,5.8630344071107565,0.000000017338759539242687,0.14009230075921086,"864"
"F_ij",0.015285376655666228,0.0042117993963517,3.629179649179532,0.00035674717183686866,0.05875402332075541,"865"
"F_ij",0.0122926479229532,0.0037777032446458807,3.2540004142399237,0.001325227490196479,0.04778459984384931,"866"
"F_ij",0.11118945287202632,0.00775019080432994,14.346672963187705,0,0.493794818263115,"867"
"F_ij",0.1494995670518509,0.0044610624778297124,33.51209892146182,0,0.8418362910498641,"868"
"F_ij",0.09441345392691138,0.0000621469061515752,1519.1979741781295,0,0.9999085857274619,"869"
"F_ij",0.06238677281123374,0.0010636394283924464,58.654061842670956,0,0.9422123464289229,"87"
"F_ij",0.022189817727556044,0.004084816736486252,5.432267628888454,0.00000015264469266362823,0.12269589232723355,"870"
"F_ij",0.1966930311897583,0.00039921075157212197,492.7047440860908,0,0.999131576330604,"871"
"F_ij",0.049621902706102186,0.007694719736161546,6.448825221392106,0.0000000007561178350101727,0.16464540790920423,"872"
"F_ij",0.19668824976706495,0.00017658541031312453,1113.8420179690593,0,0.9998299559634048,"873"
"F_ij",0.13299189576690318,0.00006687078532680202,1988.7892016964188,0,0.9999466564663554,"874"
"F_ij",0.03065801232472216,0.008870536568008593,3.4561621035743935,0.0006624291632404411,0.0535784765737759,"875"
"F_ij",0.1563721816915722,0.005042128094167608,31.013131513349084,0,0.8200908743397692,"876"
"F_ij",0.023787357774465643,0.004107010050073842,5.791891786103118,0.000000025026583250209455,0.13717668261511673,"877"
"F_ij",0.12383912317596742,0.00009115255484769475,1358.5919054368592,0,0.999885697753478,"878"
"F_ij",0.09225926516515004,0.00005353196260778481,1723.4426064501017,0,0.9999289673602187,"879"
"F_ij",0.00534413987540011,0.0013825569019065248,3.865403201872287,0.00014763963527375523,0.06612929615508323,"88"
"F_ij",0.14663566388404825,0.00013365934581183753,1097.0850036216582,0,0.9998247226617454,"880"
"F_ij",0.0509561556561763,0.005960836722574492,8.548490426385689,0.0000000000000024424906541753444,0.2572428203731294,"881"
"F_ij",0.03563774799575485,0.0038721978560023666,9.20349355095895,0,0.28644931910789717,"882"
"F_ij",0.015389635570475435,0.002191443054841826,7.022603455961683,0.00000000002941025201153025,0.1894496594934082,"883"
"F_ij",0.1336365710570914,0.00006509371175197197,2052.9874155323914,0,0.9999499403118687,"884"
"F_ij",0.09215821199841791,0.000060441983071904805,1524.738390677584,0,0.9999092488013188,"885"
"F_ij",0.16359869092332052,0.00022114847660259168,739.7685638020953,0,0.9996145897175592,"886"
"F_ij",0.03844181825613413,0.004300381822135739,8.939163973361419,0.0000000000000002220446049250313,0.27468640703606806,"887"
"F_ij",0.10611223563070823,0.0001326079399758782,800.1951892926652,0,0.9996705818718777,"888"
"F_ij",0.01476488506734385,0.004194452557997696,3.5200982400411642,0.0005284389088209274,0.05546815465964183,"889"
"F_ij",0.0033266166704930137,0.001408843129591724,2.3612399426308386,0.01912480850310727,0.025743702538693403,"89"
"F_ij",0.08365580167104848,0.000018527759638546274,4515.160132853078,0,0.9999896502074355,"890"
"F_ij",1.4952910503481132,0.04856347281295375,30.790447299915122,0,0.8179546175330679,"891"
"F_ij",0.18760818565818135,0.0024118010390694554,77.78758803859135,0,0.9663042045232619,"892"
"F_ij",0.05050754857299635,0.005858592774126215,8.62110587307877,0.0000000000000015543122344752192,0.2604884462995587,"893"
"F_ij",0.13377351615396763,0.0018090809082821878,73.94556846050199,0,0.9628452252728765,"894"
"F_ij",0.13735831640277563,0.0016742360811382343,82.04238216476148,0,0.969605092965807,"895"
"F_ij",0.12015475449865035,0.00031283240590362937,384.08666183919905,0,0.9985717531306448,"896"
"F_ij",0.11928644471466934,0.0003031324597511108,393.51260769833226,0,0.9986392642642972,"897"
"F_ij",0.1393233791405705,0.0005147621981521737,270.6558089166132,0,0.9971279061892174,"898"
"F_ij",0.0646445358753533,0.006233671719642337,10.370218192860236,0,0.3376057768418955,"899"
"F_ij",0.04329283460000372,0.0009388372228435501,46.11324897076235,0,0.9097299838818088,"9"
"F_ij",0.002222462443085913,0.00116077858972753,1.9146308027679875,0.05689221045703263,0.01707682789326237,"90"
"F_ij",0.11466214215689652,0.0008692340659952951,131.9116986350569,0,0.9880193255003298,"900"
"F_ij",0.09006329154614796,0.006497505727827322,13.861210027168982,0,0.4765997203519673,"901"
"F_ij",0.017907094895101255,0.0035845644354824784,4.995612498367875,0.0000012285822583724126,0.10576602832226212,"902"
"F_ij",0.051569646712111596,0.0007077690380839247,72.8622529910621,0,0.9617747246141439,"903"
"F_ij",0.02950014482817667,0.00321651419829707,9.171464203016741,0,0.2850263126360172,"904"
"F_ij",0.06625197858229252,0.002981545159840527,22.220685929786864,0,0.700606824500221,"905"
"F_ij",0.027026946572675837,0.002928928119718291,9.227589571325954,0,0.28751938765774476,"906"
"F_ij",0.06301682224690398,0.006053700539453693,10.409636524999112,0,0.33930470902684406,"907"
"F_ij",0.023687526988539237,0.0036956225303673494,6.409617539100961,0.000000000938062072464163,0.1629747539180484,"908"
"F_ij",0.01707590660130592,0.004402520371221728,3.878666118827576,0.00014032746391245965,0.06655362441088664,"909"
"F_ij",0.04394566269358208,0.0015713591985431854,27.96665634078084,0,0.7875412298020183,"91"
"F_ij",0.03633552964360268,0.0036525414904963593,9.948012839318876,0,0.31927350166759794,"910"
"F_ij",0.15327112041755114,0.002929918818101541,52.312412026782404,0,0.9284160582687356,"911"
"F_ij",0.030755610294338185,0.004099895499344126,7.501559563959194,0.000000000001730837695390619,0.2105461926126201,"912"
"F_ij",0.040573281020780325,0.003653839364864536,11.104287016811577,0,0.36884019089193887,"913"
"F_ij",0.15596403188432298,0.014861440768046002,10.494543181820271,0,0.3429563481465191,"914"
"F_ij",0.17331392333975082,0.0037589126023034416,46.10746289593032,0,0.9097093720659228,"915"
"F_ij",0.03279286091505836,0.005175893722315358,6.335690544354719,0.0000000014054428731924418,0.15983443054626856,"916"
"F_ij",0.018608317854016915,0.001427141755672201,13.03887142258841,0,0.44621191201967214,"917"
"F_ij",0.06421856841015654,0.0025949289328141387,24.747717595684993,0,0.7437608580883018,"918"
"F_ij",0.0563133489460681,0.0009485603799583019,59.367173809793314,0,0.9435143395750853,"919"
"F_ij",0.09853985447245761,0.018552888460729014,5.311294501718015,0.00000027540559077721127,0.11792929667579166,"92"
"F_ij",0.13612493387826424,0.0008691754093549934,156.61388071169804,0,0.9914709249437244,"920"
"F_ij",0.026200642752465496,0.0005538030126850385,47.31040126603004,0,0.9138520254793846,"921"
"F_ij",0.07166782469678049,0.0008340637086518579,85.92607969074814,0,0.9722159718071967,"922"
"F_ij",0.9383468262960686,0.011523260241002907,81.4306721076362,0,0.9691608583014515,"923"
"F_ij",0.0773062245459845,0.0011976918040342204,64.5460078173631,0,0.9517955266780305,"924"
"F_ij",0.0226096791445723,0.0074464543365752875,3.036301321760439,0.0026966629277898058,0.04186341983934461,"925"
"F_ij",0.029569453299539385,0.00363395449822977,8.136990519265922,0.000000000000034638958368304884,0.238845885392015,"926"
"F_ij",0.0325774039621536,0.005854554356777485,5.56445494855481,0.00000007926000455960036,0.12796641860076086,"927"
"F_ij",0.060797230196621664,0.0010282767756840004,59.125355774159054,0,0.9430777053094355,"928"
"F_ij",0.0499547193983137,0.0014498771993210618,34.454448571028045,0,0.8490818698500763,"929"
"F_ij",0.037774052925582634,0.0021063702176017086,17.93324488256,0,0.6038312127934156,"93"
"F_ij",1.4669777933828967,0.04288485722298396,34.20736102151871,0,0.8472280449798939,"930"
"F_ij",0.029669123158395122,0.007447047482285993,3.9840115467194117,0.000093298464681979,0.06996158035128275,"931"
"F_ij",0.09793181033687375,0.03167436405948281,3.091831935535087,0.002257822770781903,0.043341719492760444,"932"
"F_ij",0.02990052988638795,0.0025774880363586172,11.60064739956285,0,0.3894234602209723,"933"
"F_ij",0.09832864352161615,0.0016207707234559266,60.667830494835556,0,0.9457804559374997,"934"
"F_ij",0.1645550567832838,0.0005827000038672539,282.4009879717994,0,0.9973612240861219,"935"
"F_ij",0.1948768879412327,0.0007561104100628008,257.73602022626125,0,0.9968336791433893,"936"
"F_ij",0.12559236807769958,0.0015755061989971683,79.71556580205198,0,0.9678626602097112,"937"
"F_ij",0.12209779064625673,0.0006038335972944942,202.20436754980483,0,0.9948658810276065,"938"
"F_ij",0.11874150232789027,0.0007912231639693414,150.07333927409044,0,0.990718341902292,"939"
"F_ij",0.0664628540812231,0.0032177238879988164,20.65523842151603,0,0.6690916935572827,"94"
"F_ij",0.18487539293071698,0.0015330551015156557,120.59279066221418,0,0.9856984263242203,"940"
"F_ij",0.12135457751595682,0.002584702747090408,46.95107692850379,0,0.912643999603932,"941"
"F_ij",0.11395620174642192,0.0030231063388744322,37.695068903481,0,0.8707043052397677,"942"
"F_ij",0.010067371258903902,0.001118341050435595,9.00205823168402,0.0000000000000002220446049250313,0.2774889410053174,"943"
"F_ij",0.016917989212395672,0.002687419349211855,6.295254671496372,0.000000001751067291166919,0.15812231094767293,"944"
"F_ij",0.004583175952243564,0.0005085898352412871,9.011536673888097,0.0000000000000002220446049250313,0.2779111136243634,"945"
"F_ij",0.12426697067131923,0.0024747946347988803,50.213043508322485,0,0.9227770892440823,"946"
"F_ij",0.12609140699310212,0.0017556084303755768,71.82205599578228,0,0.9607033008648491,"947"
"F_ij",2.72006758076962,0.057024732976779464,47.699786369490496,0,0.9151339024824338,"948"
"F_ij",0.10016047992206883,0.002252935476232563,44.45776675751081,0,0.903542549584263,"949"
"F_ij",0.09833481195687134,0.0008812488034949506,111.58575372458338,0,0.9833364665439435,"95"
"F_ij",0.1176425178098269,0.0010457334605125067,112.49761268246225,0,0.9836010951430958,"950"
"F_ij",0.14235146812291144,0.0017924462707931462,79.41742547179493,0,0.9676287398462994,"951"
"F_ij",0.02903468565232308,0.00341165796524181,8.510432742124303,0.0000000000000033306690738754696,0.2555414498772257,"952"
"F_ij",0.09566917487549317,0.001951123605421866,49.03286219778366,0,0.9193184998195636,"953"
"F_ij",0.08640510752472173,0.0017406525470507585,49.63949162118573,0,0.9211238285405668,"954"
"F_ij",0.08417108976062099,0.0012897788252459047,65.26009584982388,0,0.9527951545025874,"955"
"F_ij",0.01969165206259859,0.001024611327894349,19.21865543207137,0,0.6364305022089353,"956"
"F_ij",0.016700816938123638,0.0006762807104437005,24.695095808908125,0,0.7429486793406277,"957"
"F_ij",0.10566644413019989,0.0007825413689845085,135.0298505845404,0,0.988560002856162,"958"
"F_ij",0.11807399087816065,0.0009294489423406588,127.03655413369069,0,0.9870942377001655,"959"
"F_ij",0.12645158804645285,0.0006264803572831097,201.8444578132379,0,0.9948476497840699,"96"
"F_ij",0.08448733592200117,0.0012067970607814885,70.00956388416252,0,0.9587273069048998,"960"
"F_ij",0.12507067078342085,0.0007822418905048074,159.887462307482,0,0.9918137732274425,"961"
"F_ij",0.10630671812871668,0.000938741024607943,113.24392493991063,0,0.9838130433024054,"962"
"F_ij",0.08945273130874641,0.0025065776930973853,35.68719675240124,0,0.8578718783759646,"963"
"F_ij",0.0853596309624199,0.0010310056081953662,82.79259616427326,0,0.9701370608968174,"964"
"F_ij",0.08229818551338185,0.001408554155389417,58.42742020141158,0,0.9417893046005069,"965"
"F_ij",0.5166201504365404,0.009677045821572952,53.38614283347132,0,0.9310700853948881,"966"
"F_ij",0.039743958272413595,0.009987572787919476,3.97934103874428,0.00009501900067898639,0.06980908711204725,"967"
"F_ij",0.11871677681811849,0.002434448235684965,48.765373228285505,0,0.9185032917434536,"968"
"F_ij",0.1256348429186845,0.0019534619476639704,64.31394431251849,0,0.9514639421951019,"969"
"F_ij",0.08992030381324925,0.0009964482329567778,90.24081817720445,0,0.9747438634708557,"97"
"F_ij",0.10048802639366167,0.0008661294935711475,116.01963348383212,0,0.9845664963099795,"970"
"F_ij",0.0906681498846438,0.0010395042152393848,87.22249371905055,0,0.9730136354151911,"971"
"F_ij",0.09081600042067767,0.0011195922781432753,81.11524364144985,0,0.968928013907208,"972"
"F_ij",0.08568487501706296,0.001913772077684668,44.772768929060135,0,0.904766239287515,"973"
"F_ij",0.00542137115823425,0.005591830224646079,0.9695164088386431,0.33339761885959174,0.004435039328312129,"974"
"F_ij",0.11020237821976195,0.0010339155545282632,106.58740719888208,0,0.9817661361540948,"975"
"F_ij",0.021458361186662635,0.007292996935498858,2.9423241743340776,0.0036217104140527923,0.03941263353543922,"976"
"F_ij",0.04296941451883852,0.004038654792959621,10.63953636090534,0,0.3491666467059762,"977"
"F_ij",0.06996721719332982,0.006474312733177304,10.806894890138096,0,0.35629318037492363,"978"
"F_ij",0.14431079327146243,0.00024180057202387957,596.81741884883,0,0.999407971949131,"979"
"F_ij",0.09200655974138852,0.001442475747679016,63.783782770302835,0,0.9506936877552724,"98"
"F_ij",0.11731874465064651,0.00018407724938154338,637.3342987512586,0,0.9994808147624368,"980"
"F_ij",0.059415667930460464,0.004982081617996504,11.925872052323763,0,0.4026494465331566,"981"
"F_ij",0.1275415103109542,0.0033957655036490663,37.558986382863885,0,0.869887813421201,"982"
"F_ij",0.03158576584129098,0.011738018137875002,2.6908942779167595,0.007697065402255898,0.03317852710599878,"983"
"F_ij",0.06724039361510907,0.0008900042022493943,75.55064733982815,0,0.9643514861164464,"99"
